Date,Price,Cash,Inventory,Avg_Cost,Total_Value
2024-08-19,49.75661087036133,300.0,0,0.0,300.0
2024-08-20,49.77382659912109,300.0,0,0.0,300.0
2024-08-21,49.911529541015625,300.0,0,0.0,300.0
2024-08-22,49.79964065551758,300.0,0,0.0,300.0
2024-08-23,50.00617599487305,300.0,0,0.0,300.0
2024-08-26,50.16107940673828,300.0,0,0.0,300.0
2024-08-27,50.21271133422852,300.0,0,0.0,300.0
2024-08-28,50.169677734375,300.0,0,0.0,300.0
2024-08-29,50.38481521606445,300.0,0,0.0,300.0
2024-08-30,50.62577819824219,300.0,0,0.0,300.0
2024-09-03,50.33118438720703,300.0,0,0.0,300.0
2024-09-04,50.41782379150391,300.0,0,0.0,300.0
2024-09-05,50.19255447387695,300.0,0,0.0,300.0
2024-09-06,49.84597396850586,300.0,0,0.0,300.0
2024-09-09,50.339839935302734,300.0,0,0.0,300.0
2024-09-10,50.4265022277832,300.0,0,0.0,300.0
2024-09-11,50.55644607543945,300.0,0,0.0,300.0
2024-09-12,50.6864128112793,300.0,0,0.0,300.0
2024-09-13,50.97235107421875,300.0,0,0.0,300.0
2024-09-16,51.16296005249024,300.0,0,0.0,300.0
2024-09-17,51.128299713134766,300.0,0,0.0,300.0
2024-09-18,50.98966598510742,300.0,0,0.0,300.0
2024-09-19,51.30159378051758,300.0,0,0.0,300.0
2024-09-20,51.24959945678711,300.0,0,0.0,300.0
2024-09-23,51.39689636230469,300.0,0,0.0,300.0
2024-09-24,51.33624267578125,300.0,0,0.0,300.0
2024-09-25,51.23226547241211,300.0,0,0.0,300.0
2024-09-26,51.39689636230469,300.0,0,0.0,300.0
2024-09-27,51.47488021850586,300.0,0,0.0,300.0
2024-09-30,51.5615119934082,300.0,0,0.0,300.0
2024-10-01,51.55455017089844,300.0,0,0.0,300.0
2024-10-02,51.62430953979492,300.0,0,0.0,300.0
2024-10-03,51.380104064941406,300.0,0,0.0,300.0
2024-10-04,51.58942794799805,300.0,0,0.0,300.0
2024-10-07,51.31905364990234,300.0,0,0.0,300.0
2024-10-08,51.44989013671875,300.0,0,0.0,300.0
2024-10-09,51.65047836303711,300.0,0,0.0,300.0
2024-10-10,51.58942794799805,300.0,0,0.0,300.0
2024-10-11,51.85980224609375,300.0,0,0.0,300.0
2024-10-14,52.07784652709961,300.0,0,0.0,300.0
2024-10-15,51.95574569702149,300.0,0,0.0,300.0
2024-10-16,52.13017654418945,300.0,0,0.0,300.0
2024-10-17,52.19123077392578,300.0,0,0.0,300.0
2024-10-18,52.24356842041016,300.0,0,0.0,300.0
2024-10-21,52.025516510009766,300.0,0,0.0,300.0
2024-10-22,51.98190307617188,300.0,0,0.0,300.0
2024-10-23,51.92085266113281,300.0,0,0.0,300.0
2024-10-24,51.79874801635742,300.0,0,0.0,300.0
2024-10-25,51.65920639038086,300.0,0,0.0,300.0
2024-10-28,51.772586822509766,300.0,0,0.0,300.0
2024-10-29,51.66792678833008,300.0,0,0.0,300.0
2024-10-30,51.58942794799805,300.0,0,0.0,300.0
2024-10-31,51.1882209777832,300.0,0,0.0,300.0
2024-11-01,51.32427978515625,300.0,0,0.0,300.0
2024-11-04,51.28916931152344,300.0,0,0.0,300.0
2024-11-05,51.684173583984375,300.0,0,0.0,300.0
2024-11-06,52.30740737915039,300.0,0,0.0,300.0
2024-11-07,52.377628326416016,300.0,0,0.0,300.0
2024-11-08,52.693634033203125,300.0,0,0.0,300.0
2024-11-11,52.73752212524414,300.0,0,0.0,300.0
2024-11-12,52.64096832275391,300.0,0,0.0,300.0
2024-11-13,52.68485641479492,300.0,0,0.0,300.0
2024-11-14,52.47418594360352,300.0,0,0.0,300.0
2024-11-15,52.02651596069336,300.0,0,0.0,300.0
2024-11-18,52.16696166992188,300.0,0,0.0,300.0
2024-11-19,52.14939880371094,300.0,0,0.0,300.0
2024-11-20,52.21084213256836,300.0,0,0.0,300.0
2024-11-21,52.58830261230469,300.0,0,0.0,300.0
2024-11-22,52.80774688720703,300.0,0,0.0,300.0
2024-11-25,53.1061897277832,300.0,0,0.0,300.0
2024-11-26,53.26420211791992,300.0,0,0.0,300.0
2024-11-27,53.27297592163086,300.0,0,0.0,300.0
2024-11-29,53.395877838134766,300.0,0,0.0,300.0
2024-12-02,53.28276443481445,300.0,0,0.0,300.0
2024-12-03,53.097198486328125,300.0,0,0.0,300.0
2024-12-04,53.16789245605469,300.0,0,0.0,300.0
2024-12-05,53.00884246826172,300.0,0,0.0,300.0
2024-12-06,52.93814468383789,300.0,0,0.0,300.0
2024-12-09,52.726070404052734,300.0,0,0.0,300.0
2024-12-10,52.69956970214844,300.0,0,0.0,300.0
2024-12-11,52.681884765625,300.0,0,0.0,300.0
2024-12-12,52.58469772338867,300.0,0,0.0,300.0
2024-12-13,52.51399993896485,300.0,0,0.0,300.0
2024-12-16,52.33727264404297,300.0,0,0.0,300.0
2024-12-17,52.23124694824219,300.0,0,0.0,300.0
2024-12-18,51.0383415222168,300.0,0,0.0,300.0
2024-12-19,50.93231201171875,300.0,0,0.0,300.0
2024-12-20,51.42714691162109,300.0,0,0.0,300.0
2024-12-23,51.59503173828125,300.0,0,0.0,300.0
2024-12-24,51.9749870300293,300.0,0,0.0,300.0
2024-12-26,52.01033782958984,300.0,0,0.0,300.0
2024-12-27,51.65688705444336,300.0,0,0.0,300.0
2024-12-30,51.2150764465332,300.0,0,0.0,300.0
2024-12-31,51.18393325805664,248.81606674194336,1,51.18393325805664,300.0
2025-01-02,51.148345947265625,248.81606674194336,1,51.18393325805664,299.964412689209
2025-01-03,51.58428955078125,248.81606674194336,1,51.18393325805664,300.4003562927246
2025-01-06,51.522003173828125,248.81606674194336,1,51.18393325805664,300.3380699157715
2025-01-07,51.299598693847656,248.81606674194336,1,51.18393325805664,300.115665435791
2025-01-08,51.50422286987305,248.81606674194336,1,51.18393325805664,300.3202896118164
2025-01-10,50.76578140258789,248.81606674194336,1,51.18393325805664,299.58184814453125
2025-01-13,50.95261764526367,248.81606674194336,1,51.18393325805664,299.76868438720703
2025-01-14,51.1572380065918,248.81606674194336,1,51.18393325805664,299.97330474853516
2025-01-15,51.602081298828125,300.4181480407715,0,0.0,300.4181480407715
2025-01-16,51.82451248168945,300.4181480407715,0,0.0,300.4181480407715
2025-01-17,52.04693222045898,300.4181480407715,0,0.0,300.4181480407715
2025-01-21,52.44729232788086,300.4181480407715,0,0.0,300.4181480407715
2025-01-22,52.37611770629883,300.4181480407715,0,0.0,300.4181480407715
2025-01-23,52.61634063720703,300.4181480407715,0,0.0,300.4181480407715
2025-01-24,52.58074569702149,300.4181480407715,0,0.0,300.4181480407715
2025-01-27,52.749794006347656,300.4181480407715,0,0.0,300.4181480407715
2025-01-28,52.47399139404297,300.4181480407715,0,0.0,300.4181480407715
2025-01-29,52.43839645385742,300.4181480407715,0,0.0,300.4181480407715
2025-01-30,52.60743713378906,300.4181480407715,0,0.0,300.4181480407715
2025-01-31,52.46508407592773,300.4181480407715,0,0.0,300.4181480407715
2025-02-03,52.389930725097656,300.4181480407715,0,0.0,300.4181480407715
2025-02-04,52.4436149597168,300.4181480407715,0,0.0,300.4181480407715
2025-02-05,52.72990417480469,300.4181480407715,0,0.0,300.4181480407715
2025-02-06,52.81936264038086,300.4181480407715,0,0.0,300.4181480407715
2025-02-07,52.595703125,300.4181480407715,0,0.0,300.4181480407715
2025-02-10,52.86410140991211,300.4181480407715,0,0.0,300.4181480407715
2025-02-11,52.962501525878906,300.4181480407715,0,0.0,300.4181480407715
2025-02-12,52.81936264038086,300.4181480407715,0,0.0,300.4181480407715
2025-02-13,53.03406524658203,300.4181480407715,0,0.0,300.4181480407715
2025-02-14,52.935665130615234,300.4181480407715,0,0.0,300.4181480407715
2025-02-18,53.09669876098633,300.4181480407715,0,0.0,300.4181480407715
2025-02-19,53.41876220703125,300.4181480407715,0,0.0,300.4181480407715
2025-02-20,53.41876220703125,300.4181480407715,0,0.0,300.4181480407715
2025-02-21,52.89988327026367,300.4181480407715,0,0.0,300.4181480407715
2025-02-24,52.87303924560547,300.4181480407715,0,0.0,300.4181480407715
2025-02-25,52.998291015625,300.4181480407715,0,0.0,300.4181480407715
2025-02-26,52.86410140991211,300.4181480407715,0,0.0,300.4181480407715
2025-02-27,52.506229400634766,300.4181480407715,0,0.0,300.4181480407715
2025-02-28,53.15037155151367,300.4181480407715,0,0.0,300.4181480407715
2025-03-03,52.79772567749024,300.4181480407715,0,0.0,300.4181480407715
2025-03-04,52.15001678466797,300.4181480407715,0,0.0,300.4181480407715
2025-03-05,52.62680435180664,300.4181480407715,0,0.0,300.4181480407715
2025-03-06,52.051063537597656,300.4181480407715,0,0.0,300.4181480407715
2025-03-07,52.35693740844727,300.4181480407715,0,0.0,300.4181480407715
2025-03-10,51.62823867797852,300.4181480407715,0,0.0,300.4181480407715
2025-03-11,51.0525016784668,300.4181480407715,0,0.0,300.4181480407715
2025-03-12,50.99851989746094,300.4181480407715,0,0.0,300.4181480407715
2025-03-13,50.53073501586914,300.4181480407715,0,0.0,300.4181480407715
2025-03-14,51.24141693115234,300.4181480407715,0,0.0,300.4181480407715
2025-03-17,51.691219329833984,300.4181480407715,0,0.0,300.4181480407715
2025-03-18,51.36736297607422,249.05078506469727,1,51.36736297607422,300.4181480407715
2025-03-19,51.62823867797852,249.05078506469727,1,51.36736297607422,300.6790237426758
2025-03-20,51.52029800415039,249.05078506469727,1,51.36736297607422,300.57108306884766
2025-03-21,51.37636184692383,249.05078506469727,1,51.36736297607422,300.4271469116211
2025-03-24,51.98809051513672,301.038875579834,0,0.0,301.038875579834
2025-03-25,51.86214065551758,301.038875579834,0,0.0,301.038875579834
2025-03-26,51.7361946105957,301.038875579834,0,0.0,301.038875579834
2025-03-27,51.6192512512207,301.038875579834,0,0.0,301.038875579834
2025-03-28,50.989532470703125,301.038875579834,0,0.0,301.038875579834
2025-03-31,51.40333938598633,301.038875579834,0,0.0,301.038875579834
2025-04-01,51.43777847290039,301.038875579834,0,0.0,301.038875579834
2025-04-02,51.64616775512695,301.038875579834,0,0.0,301.038875579834
2025-04-03,50.0243034362793,301.038875579834,0,0.0,301.038875579834
2025-04-04,47.24265670776367,301.038875579834,0,0.0,301.038875579834
2025-04-07,47.07050323486328,301.038875579834,0,0.0,301.038875579834
2025-04-08,46.33658981323242,301.038875579834,0,0.0,301.038875579834
2025-04-09,49.65281295776367,301.038875579834,0,0.0,301.038875579834
2025-04-10,48.43867111206055,301.038875579834,0,0.0,301.038875579834
2025-04-11,48.90982818603516,301.038875579834,0,0.0,301.038875579834
2025-04-14,49.53501892089844,301.038875579834,0,0.0,301.038875579834
2025-04-15,49.39004898071289,301.038875579834,0,0.0,301.038875579834
2025-04-16,48.5745849609375,301.038875579834,0,0.0,301.038875579834
2025-04-17,48.71049499511719,301.038875579834,0,0.0,301.038875579834
2025-04-21,47.75912094116211,301.038875579834,0,0.0,301.038875579834
2025-04-22,48.773921966552734,301.038875579834,0,0.0,301.038875579834
2025-04-23,49.11822509765625,301.038875579834,0,0.0,301.038875579834
2025-04-24,49.670936584472656,301.038875579834,0,0.0,301.038875579834
2025-04-25,49.81589889526367,301.038875579834,0,0.0,301.038875579834
2025-04-28,49.91557693481445,301.038875579834,0,0.0,301.038875579834
2025-04-29,50.08772659301758,301.038875579834,0,0.0,301.038875579834
2025-04-30,50.368614196777344,301.038875579834,0,0.0,301.038875579834
2025-05-01,50.36678314208984,301.038875579834,0,0.0,301.038875579834
2025-05-02,50.87867736816406,301.038875579834,0,0.0,301.038875579834
2025-05-05,50.83296585083008,301.038875579834,0,0.0,301.038875579834
2025-05-06,50.631874084472656,301.038875579834,0,0.0,301.038875579834
2025-05-07,50.89695739746094,301.038875579834,0,0.0,301.038875579834
2025-05-08,50.8878173828125,301.038875579834,0,0.0,301.038875579834
2025-05-09,50.86954116821289,301.038875579834,0,0.0,301.038875579834
2025-05-12,51.35400772094727,301.038875579834,0,0.0,301.038875579834
2025-05-13,51.21689224243164,301.038875579834,0,0.0,301.038875579834
2025-05-14,50.90609359741211,301.038875579834,0,0.0,301.038875579834
2025-05-15,51.15290069580078,301.038875579834,0,0.0,301.038875579834
2025-05-16,51.40885543823242,301.038875579834,0,0.0,301.038875579834
2025-05-19,51.45455551147461,301.038875579834,0,0.0,301.038875579834
2025-05-20,51.46369934082031,301.038875579834,0,0.0,301.038875579834
2025-05-21,51.11634063720703,301.038875579834,0,0.0,301.038875579834
2025-05-22,50.94266891479492,301.038875579834,0,0.0,301.038875579834
2025-05-23,50.75069808959961,301.038875579834,0,0.0,301.038875579834
2025-05-27,51.25345993041992,301.038875579834,0,0.0,301.038875579834
2025-05-28,51.09806060791016,301.038875579834,0,0.0,301.038875579834
2025-05-29,51.18946838378906,301.038875579834,0,0.0,301.038875579834
2025-05-30,51.271732330322266,301.038875579834,0,0.0,301.038875579834
2025-06-02,51.34557723999024,301.038875579834,0,0.0,301.038875579834
2025-06-03,51.44710159301758,301.038875579834,0,0.0,301.038875579834
2025-06-04,51.46555709838867,301.038875579834,0,0.0,301.038875579834
2025-06-05,51.47479248046875,301.038875579834,0,0.0,301.038875579834
2025-06-06,51.71476364135742,301.038875579834,0,0.0,301.038875579834
2025-06-09,51.70553970336914,301.038875579834,0,0.0,301.038875579834
2025-06-10,51.86245346069336,301.038875579834,0,0.0,301.038875579834
2025-06-11,51.85322189331055,301.038875579834,0,0.0,301.038875579834
2025-06-12,52.09319305419922,301.038875579834,0,0.0,301.038875579834
2025-06-13,51.724002838134766,301.038875579834,0,0.0,301.038875579834
2025-06-16,51.92705535888672,301.038875579834,0,0.0,301.038875579834
2025-06-17,51.56709289550781,301.038875579834,0,0.0,301.038875579834
2025-06-18,51.44710159301758,301.038875579834,0,0.0,301.038875579834
2025-06-20,51.456336975097656,301.038875579834,0,0.0,301.038875579834
2025-06-23,51.80706405639648,301.038875579834,0,0.0,301.038875579834
2025-06-24,52.21318435668945,301.038875579834,0,0.0,301.038875579834
2025-06-25,52.01935958862305,301.038875579834,0,0.0,301.038875579834
2025-06-26,52.056278228759766,301.038875579834,0,0.0,301.038875579834
2025-06-27,52.29624938964844,301.038875579834,0,0.0,301.038875579834
2025-06-30,52.47161483764648,301.038875579834,0,0.0,301.038875579834
2025-07-01,52.77836227416992,301.038875579834,0,0.0,301.038875579834
2025-07-02,52.80624771118164,301.038875579834,0,0.0,301.038875579834
2025-07-03,52.9456787109375,301.038875579834,0,0.0,301.038875579834
2025-07-07,52.71329498291016,301.038875579834,0,0.0,301.038875579834
2025-07-08,52.80624771118164,301.038875579834,0,0.0,301.038875579834
2025-07-09,52.84342193603516,301.038875579834,0,0.0,301.038875579834
2025-07-10,52.9456787109375,301.038875579834,0,0.0,301.038875579834
2025-07-11,52.75977325439453,301.038875579834,0,0.0,301.038875579834
2025-07-14,52.82483673095703,301.038875579834,0,0.0,301.038875579834
2025-07-15,52.48091506958008,301.038875579834,0,0.0,301.038875579834
2025-07-16,52.66681671142578,301.038875579834,0,0.0,301.038875579834
2025-07-17,53.00144577026367,301.038875579834,0,0.0,301.038875579834
2025-07-18,52.95497131347656,301.038875579834,0,0.0,301.038875579834
2025-07-21,52.84342193603516,301.038875579834,0,0.0,301.038875579834
2025-07-22,53.12228393554688,301.038875579834,0,0.0,301.038875579834
2025-07-23,53.19665145874024,301.038875579834,0,0.0,301.038875579834
2025-07-24,53.140872955322266,301.038875579834,0,0.0,301.038875579834
2025-07-25,53.28030776977539,301.038875579834,0,0.0,301.038875579834
2025-07-28,53.140872955322266,301.038875579834,0,0.0,301.038875579834
2025-07-29,53.1315803527832,301.038875579834,0,0.0,301.038875579834
2025-07-30,52.83413314819336,301.038875579834,0,0.0,301.038875579834
2025-07-31,52.49950408935547,301.038875579834,0,0.0,301.038875579834
2025-08-01,52.02054977416992,301.038875579834,0,0.0,301.038875579834
2025-08-04,52.60053634643555,301.038875579834,0,0.0,301.038875579834
2025-08-05,52.29183197021485,301.038875579834,0,0.0,301.038875579834
2025-08-06,52.37602615356445,301.038875579834,0,0.0,301.038875579834
2025-08-07,52.29183197021485,301.038875579834,0,0.0,301.038875579834
2025-08-08,52.441505432128906,301.038875579834,0,0.0,301.038875579834
2025-08-11,52.42279815673828,301.038875579834,0,0.0,301.038875579834
2025-08-12,52.70343780517578,301.038875579834,0,0.0,301.038875579834
2025-08-13,53.02148818969727,301.038875579834,0,0.0,301.038875579834
2025-08-14,52.96535873413086,301.038875579834,0,0.0,301.038875579834
2025-08-15,53.03084182739258,301.038875579834,0,0.0,301.038875579834
2025-08-18,53.07761764526367,301.038875579834,0,0.0,301.038875579834
2025-08-19,53.25535202026367,301.038875579834,0,0.0,301.038875579834
2025-08-20,53.41437530517578,301.038875579834,0,0.0,301.038875579834
2025-08-21,53.20858383178711,301.038875579834,0,0.0,301.038875579834
2025-08-22,53.666954040527344,301.038875579834,0,0.0,301.038875579834
2025-08-25,53.35824966430664,301.038875579834,0,0.0,301.038875579834
2025-08-26,53.405029296875,301.038875579834,0,0.0,301.038875579834
2025-08-27,53.44243621826172,301.038875579834,0,0.0,301.038875579834
2025-08-28,53.498565673828125,301.038875579834,0,0.0,301.038875579834
2025-08-29,53.46114349365234,301.038875579834,0,0.0,301.038875579834
2025-09-02,53.33687210083008,301.038875579834,0,0.0,301.038875579834
2025-09-03,53.27096939086914,301.038875579834,0,0.0,301.038875579834
2025-09-04,53.4404411315918,301.038875579834,0,0.0,301.038875579834
2025-09-05,53.459266662597656,301.038875579834,0,0.0,301.038875579834
2025-09-08,53.48751449584961,301.038875579834,0,0.0,301.038875579834
2025-09-09,53.43102264404297,301.038875579834,0,0.0,301.038875579834
2025-09-10,53.5722541809082,301.038875579834,0,0.0,301.038875579834
2025-09-11,53.90178680419922,301.038875579834,0,0.0,301.038875579834
2025-09-12,53.5722541809082,301.038875579834,0,0.0,301.038875579834
2025-09-15,53.49692916870117,301.038875579834,0,0.0,301.038875579834
2025-09-16,53.44985580444336,301.038875579834,0,0.0,301.038875579834
2025-09-17,53.59108352661133,301.038875579834,0,0.0,301.038875579834
2025-09-18,53.600494384765625,301.038875579834,0,0.0,301.038875579834
2025-09-19,53.53459167480469,301.038875579834,0,0.0,301.038875579834
2025-09-22,53.49692916870117,301.038875579834,0,0.0,301.038875579834
2025-09-23,53.51575469970703,301.038875579834,0,0.0,301.038875579834
2025-09-24,53.55342483520508,301.038875579834,0,0.0,301.038875579834
2025-09-25,53.33687210083008,301.038875579834,0,0.0,301.038875579834
2025-09-26,53.60991287231445,301.038875579834,0,0.0,301.038875579834
2025-09-29,53.62874221801758,301.038875579834,0,0.0,301.038875579834
2025-09-30,53.76055145263672,301.038875579834,0,0.0,301.038875579834
2025-10-01,53.86572647094727,301.038875579834,0,0.0,301.038875579834
2025-10-02,53.86572647094727,301.038875579834,0,0.0,301.038875579834
2025-10-03,54.03627395629883,301.038875579834,0,0.0,301.038875579834
2025-10-06,53.97942733764648,301.038875579834,0,0.0,301.038875579834
2025-10-07,53.88468170166016,301.038875579834,0,0.0,301.038875579834
2025-10-08,53.92257690429688,301.038875579834,0,0.0,301.038875579834
2025-10-09,53.77098083496094,301.038875579834,0,0.0,301.038875579834
2025-10-10,53.06034851074219,301.038875579834,0,0.0,301.038875579834
2025-10-13,53.58147430419922,301.038875579834,0,0.0,301.038875579834
2025-10-14,53.89415740966797,301.038875579834,0,0.0,301.038875579834
2025-10-15,53.88468170166016,301.038875579834,0,0.0,301.038875579834
2025-10-16,53.543575286865234,301.038875579834,0,0.0,301.038875579834
2025-10-17,53.87520599365234,301.038875579834,0,0.0,301.038875579834
2025-10-20,54.16892623901367,301.038875579834,0,0.0,301.038875579834
2025-10-21,54.50055694580078,301.038875579834,0,0.0,301.038875579834
2025-10-22,54.28263473510742,301.038875579834,0,0.0,301.038875579834
2025-10-23,54.44370651245117,301.038875579834,0,0.0,301.038875579834
2025-10-24,54.44370651245117,301.038875579834,0,0.0,301.038875579834
2025-10-27,54.576358795166016,301.038875579834,0,0.0,301.038875579834
2025-10-28,54.22578430175781,301.038875579834,0,0.0,301.038875579834
2025-10-29,53.9131088256836,301.038875579834,0,0.0,301.038875579834
2025-10-30,53.92257690429688,301.038875579834,0,0.0,301.038875579834
2025-10-31,53.89415740966797,301.038875579834,0,0.0,301.038875579834
2025-11-03,53.756874084472656,301.038875579834,0,0.0,301.038875579834
2025-11-04,53.756874084472656,301.038875579834,0,0.0,301.038875579834
2025-11-05,53.8331413269043,301.038875579834,0,0.0,301.038875579834
2025-11-06,53.623416900634766,301.038875579834,0,0.0,301.038875579834
2025-11-07,53.8140754699707,301.038875579834,0,0.0,301.038875579834
2025-11-10,54.07146453857422,301.038875579834,0,0.0,301.038875579834
2025-11-11,54.44325637817383,301.038875579834,0,0.0,301.038875579834
2025-11-12,54.60532379150391,301.038875579834,0,0.0,301.038875579834
2025-11-13,54.20492935180664,301.038875579834,0,0.0,301.038875579834
2025-11-14,54.09053421020508,301.038875579834,0,0.0,301.038875579834
2025-11-17,53.756874084472656,301.038875579834,0,0.0,301.038875579834
2025-11-18,53.66154098510742,301.038875579834,0,0.0,301.038875579834
2025-11-19,53.69014739990234,301.038875579834,0,0.0,301.038875579834
2025-11-20,53.24208831787109,301.038875579834,0,0.0,301.038875579834
2025-11-21,53.947540283203125,301.038875579834,0,0.0,301.038875579834
2025-11-24,54.18586730957031,301.038875579834,0,0.0,301.038875579834
2025-11-25,54.757843017578125,301.038875579834,0,0.0,301.038875579834
2025-11-26,54.97710800170898,301.038875579834,0,0.0,301.038875579834
2025-11-28,55.205902099609375,301.038875579834,0,0.0,301.038875579834
2025-12-01,54.89023971557617,301.038875579834,0,0.0,301.038875579834
2025-12-02,54.84226989746094,301.038875579834,0,0.0,301.038875579834
2025-12-03,55.1492919921875,301.038875579834,0,0.0,301.038875579834
2025-12-04,55.130104064941406,301.038875579834,0,0.0,301.038875579834
2025-12-05,55.101318359375,301.038875579834,0,0.0,301.038875579834
2025-12-08,54.851863861083984,301.038875579834,0,0.0,301.038875579834
2025-12-09,54.70794677734375,301.038875579834,0,0.0,301.038875579834
2025-12-10,55.08213424682617,301.038875579834,0,0.0,301.038875579834
2025-12-11,55.446720123291016,301.038875579834,0,0.0,301.038875579834
2025-12-12,55.38915252685547,301.038875579834,0,0.0,301.038875579834
2025-12-15,55.42753601074219,301.038875579834,0,0.0,301.038875579834
2025-12-16,55.18767166137695,301.038875579834,0,0.0,301.038875579834
2025-12-17,54.91902923583984,301.038875579834,0,0.0,301.038875579834
2025-12-18,55.08213424682617,301.038875579834,0,0.0,301.038875579834
2025-12-19,55.20686340332031,301.038875579834,0,0.0,301.038875579834
2025-12-22,55.41793823242188,301.038875579834,0,0.0,301.038875579834
2025-12-23,55.47550964355469,301.038875579834,0,0.0,301.038875579834
2025-12-24,55.61941909790039,301.038875579834,0,0.0,301.038875579834
2025-12-26,55.66739654541016,301.038875579834,0,0.0,301.038875579834
2025-12-29,55.6290168762207,301.038875579834,0,0.0,301.038875579834
2025-12-30,55.6290168762207,301.038875579834,0,0.0,301.038875579834
2025-12-31,55.32648468017578,301.038875579834,0,0.0,301.038875579834
2026-01-02,55.40380859375,301.038875579834,0,0.0,301.038875579834
2026-01-05,55.54879379272461,301.038875579834,0,0.0,301.038875579834
2026-01-06,56.01274871826172,301.038875579834,0,0.0,301.038875579834
2026-01-07,55.829097747802734,301.038875579834,0,0.0,301.038875579834
2026-01-08,56.099735260009766,301.038875579834,0,0.0,301.038875579834
2026-01-09,56.30271530151367,301.038875579834,0,0.0,301.038875579834
2026-01-12,56.35104751586914,301.038875579834,0,0.0,301.038875579834
2026-01-13,56.30271530151367,301.038875579834,0,0.0,301.038875579834
2026-01-14,56.38971328735352,301.038875579834,0,0.0,301.038875579834
2026-01-15,56.47669982910156,301.038875579834,0,0.0,301.038875579834
2026-01-16,56.45737075805664,301.038875579834,0,0.0,301.038875579834
2026-01-20,55.69377899169922,301.038875579834,0,0.0,301.038875579834
2026-01-21,56.24472427368164,301.038875579834,0,0.0,301.038875579834
2026-01-22,56.38971328735352,301.038875579834,0,0.0,301.038875579834
2026-01-23,56.42837905883789,301.038875579834,0,0.0,301.038875579834
2026-01-26,56.65068435668945,301.038875579834,0,0.0,301.038875579834
2026-01-27,56.63135528564453,301.038875579834,0,0.0,301.038875579834
2026-01-28,56.46703338623047,301.038875579834,0,0.0,301.038875579834
2026-01-29,56.59268951416016,301.038875579834,0,0.0,301.038875579834
2026-01-30,56.60235977172852,301.038875579834,0,0.0,301.038875579834
2026-02-02,56.80070114135742,301.038875579834,0,0.0,301.038875579834
2026-02-03,56.64513397216797,301.038875579834,0,0.0,301.038875579834
2026-02-04,56.95627212524414,301.038875579834,0,0.0,301.038875579834
2026-02-05,56.62569427490234,301.038875579834,0,0.0,301.038875579834
2026-02-06,57.47157669067383,301.038875579834,0,0.0,301.038875579834
2026-02-09,57.42296600341797,301.038875579834,0,0.0,301.038875579834
2026-02-10,57.56880569458008,301.038875579834,0,0.0,301.038875579834
2026-02-11,57.62714385986328,301.038875579834,0,0.0,301.038875579834
2026-02-12,57.37434768676758,301.038875579834,0,0.0,301.038875579834
2026-02-13,57.66603469848633,301.038875579834,0,0.0,301.038875579834
2026-02-17,57.55908203125,301.038875579834,0,0.0,301.038875579834
2026-02-18,57.68548202514648,301.038875579834,0,0.0,301.038875579834
2026-02-19,57.61741638183594,301.038875579834,0,0.0,301.038875579834
2026-02-20,57.84104537963867,301.038875579834,0,0.0,301.038875579834
2026-02-23,57.51047134399414,301.038875579834,0,0.0,301.038875579834
2026-02-24,57.802154541015625,301.038875579834,0,0.0,301.038875579834
2026-02-25,57.86048889160156,301.038875579834,0,0.0,301.038875579834
2026-02-26,57.938270568847656,301.038875579834,0,0.0,301.038875579834
2026-02-27,58.2202377319336,301.038875579834,0,0.0,301.038875579834
2026-03-02,58.07450485229492,301.038875579834,0,0.0,301.038875579834
2026-03-03,57.53660202026367,301.038875579834,0,0.0,301.038875579834
2026-03-04,57.78110504150391,301.038875579834,0,0.0,301.038875579834
2026-03-05,57.33121871948242,301.038875579834,0,0.0,301.038875579834
2026-03-06,56.812870025634766,301.038875579834,0,0.0,301.038875579834
2026-03-09,57.09649658203125,301.038875579834,0,0.0,301.038875579834
2026-03-10,56.91067123413086,301.038875579834,0,0.0,301.038875579834
2026-03-11,56.68572616577149,301.038875579834,0,0.0,301.038875579834
2026-03-12,55.92287826538086,301.038875579834,0,0.0,301.038875579834
2026-03-13,55.83485412597656,301.038875579834,0,0.0,301.038875579834
2026-03-16,56.3238639831543,301.038875579834,0,0.0,301.038875579834
2026-03-17,56.43144607543945,301.038875579834,0,0.0,301.038875579834
2026-03-18,55.52189254760742,301.038875579834,0,0.0,301.038875579834
2026-03-19,55.433868408203125,301.038875579834,0,0.0,301.038875579834
2026-03-20,54.856842041015625,301.038875579834,0,0.0,301.038875579834
2026-03-23,55.33606719970703,245.70280838012695,1,55.33606719970703,301.038875579834
2026-03-24,55.31650924682617,245.70280838012695,1,55.33606719970703,301.0193176269531
2026-03-25,55.48276901245117,245.70280838012695,1,55.33606719970703,301.1855773925781
2026-03-26,54.95464324951172,245.70280838012695,1,55.33606719970703,300.6574516296387
2026-03-27,54.32871627807617,245.70280838012695,1,55.33606719970703,300.0315246582031
2026-03-30,54.426517486572266,245.70280838012695,1,55.33606719970703,300.1293258666992
2026-03-31,55.433868408203125,245.70280838012695,1,55.33606719970703,301.1366767883301
2026-04-01,55.58265686035156,245.70280838012695,1,55.33606719970703,301.2854652404785
2026-04-02,55.6220703125,245.70280838012695,1,55.33606719970703,301.32487869262695
2026-04-06,55.86840438842773,301.5712127685547,0,0.0,301.5712127685547
2026-04-07,55.691043853759766,301.5712127685547,0,0.0,301.5712127685547
2026-04-08,56.76505661010742,301.5712127685547,0,0.0,301.5712127685547
2026-04-09,56.952266693115234,301.5712127685547,0,0.0,301.5712127685547
2026-04-10,56.69608688354492,301.5712127685547,0,0.0,301.5712127685547
2026-04-13,57.01139068603516,301.5712127685547,0,0.0,301.5712127685547
2026-04-14,56.99168395996094,301.5712127685547,0,0.0,301.5712127685547
2026-04-15,56.76505661010742,301.5712127685547,0,0.0,301.5712127685547
2026-04-16,56.7453498840332,301.5712127685547,0,0.0,301.5712127685547
2026-04-17,56.94241714477539,301.5712127685547,0,0.0,301.5712127685547
2026-04-20,56.9128532409668,301.5712127685547,0,0.0,301.5712127685547
2026-04-21,56.65666961669922,301.5712127685547,0,0.0,301.5712127685547
2026-04-22,56.45960235595703,301.5712127685547,0,0.0,301.5712127685547
2026-04-23,56.7453498840332,301.5712127685547,0,0.0,301.5712127685547
2026-04-24,56.47930908203125,301.5712127685547,0,0.0,301.5712127685547
2026-04-27,56.2132682800293,301.5712127685547,0,0.0,301.5712127685547
2026-04-28,56.29209899902344,301.5712127685547,0,0.0,301.5712127685547
2026-04-29,56.28224182128906,301.5712127685547,0,0.0,301.5712127685547
2026-04-30,56.7453498840332,301.5712127685547,0,0.0,301.5712127685547
2026-05-01,56.42558288574219,301.5712127685547,0,0.0,301.5712127685547
2026-05-04,56.2766227722168,301.5712127685547,0,0.0,301.5712127685547
2026-05-05,56.10780715942383,301.5712127685547,0,0.0,301.5712127685547
2026-05-06,56.08794403076172,301.5712127685547,0,0.0,301.5712127685547
2026-05-07,55.88933181762695,301.5712127685547,0,0.0,301.5712127685547
2026-05-08,55.57155227661133,301.5712127685547,0,0.0,301.5712127685547
2026-05-11,55.46231460571289,301.5712127685547,0,0.0,301.5712127685547
2026-05-12,55.69072341918945,301.5712127685547,0,0.0,301.5712127685547
2026-05-13,55.54176330566406,301.5712127685547,0,0.0,301.5712127685547
2026-05-14,55.601348876953125,301.5712127685547,0,0.0,301.5712127685547
2026-05-15,55.50204086303711,301.5712127685547,0,0.0,301.5712127685547
2026-05-18,55.74037551879883,301.5712127685547,0,0.0,301.5712127685547
2026-05-19,55.69072341918945,301.5712127685547,0,0.0,301.5712127685547
2026-05-20,55.7900276184082,301.5712127685547,0,0.0,301.5712127685547
2026-05-21,55.69072341918945,245.88048934936523,1,55.69072341918945,301.5712127685547
2026-05-22,55.9389877319336,301.8194770812988,0,0.0,301.8194770812988
2026-05-26,55.82975006103516,301.8194770812988,0,0.0,301.8194770812988
2026-05-27,55.88933181762695,301.8194770812988,0,0.0,301.8194770812988
2026-05-28,55.80988693237305,301.8194770812988,0,0.0,301.8194770812988
2026-05-29,55.6510009765625,301.8194770812988,0,0.0,301.8194770812988
2026-06-01,55.31999969482422,301.8194770812988,0,0.0,301.8194770812988
2026-06-02,55.33000183105469,301.8194770812988,0,0.0,301.8194770812988
2026-06-03,55.40999984741211,301.8194770812988,0,0.0,301.8194770812988
2026-06-04,55.709999084472656,301.8194770812988,0,0.0,301.8194770812988
2026-06-05,55.52000045776367,301.8194770812988,0,0.0,301.8194770812988
