Date,Action,Price,Amount_USD,Shares,Cash,Total_Value,Type
2023-10-11,CORE_BUY,528820.0,100.0,0.00018910026095836013,900.0,1000.0,Macro SMA Cross
2023-10-12,INTRADAY_BUY,528241.887413013,5.0,0.00019856562165606391,895.0,999.8906787589375,Volatility Dip
2023-10-13,INTRADAY_BUY,524973.124435858,5.0,0.0002080899187434111,890.0,999.2416148063323,Volatility Dip
2023-10-16,GAP_SELL,527957.0,30.0,0.0001512671093100671,920.0,999.8625292300151,Bullish Gap x3
2023-10-17,GAP_BUY,525924.0,10.0,0.00017028126344640617,910.0,999.5550031967878,Bearish Gap x2
2023-10-18,GAP_BUY,526116.0,15.0,0.00019879208615470624,895.0,999.5876971993695,Bearish Gap x3
2023-10-19,INTRADAY_BUY,517780.24746901315,5.0,0.00020844869245523767,890.0,997.9306155640652,Volatility Dip
2023-10-20,INTRADAY_SELL,515964.816220955,5.0,0.00019875810921620763,895.0,997.552191294165,Volatility Spike
2023-10-23,INTRADAY_SELL,510073.3825973076,5.0,0.0001889555981058653,900.0,996.3812210865561,Volatility Spike
2023-10-24,GAP_SELL,514760.0,10.0,0.0001695290692380434,910.0,997.2667836809752,Bullish Gap x1
2023-10-25,INTRADAY_SELL,516460.2823786127,5.0,0.0001598477826597765,915.0,997.5550309700633,Volatility Spike
2023-10-26,INTRADAY_BUY,512145.82717831805,5.0,0.00016961062701906308,910.0,996.8653748729113,Volatility Dip
2023-10-27,GAP_BUY,509479.0,5.0,0.00017942457420825047,905.0,996.4130526430453,Bearish Gap x1
2023-10-30,GAP_SELL,505703.0,10.0,0.0001596501216145344,915.0,995.7355454508349,Bullish Gap x1
2023-10-31,INTRADAY_BUY,513121.86062229134,5.0,0.0001693943956042183,910.0,996.919967451425,Volatility Dip
2023-11-01,INTRADAY_BUY,517149.8717237244,5.0,0.0001790627727486124,905.0,997.6022899574393,Volatility Dip
2023-11-02,GAP_SELL,527362.0,20.0,0.00014113815929523503,925.0,999.4309019622538,Bullish Gap x2
2023-11-03,GAP_SELL,533032.0,10.0,0.00012237755955638258,935.0,1000.2311553254577,Bullish Gap x1
2023-11-06,GAP_SELL,538674.0,5.921609516474831,0.00011138462223905367,940.9216095164749,1000.9216095164749,Bullish Gap x3
2023-11-07,GAP_BUY,525816.0,5.0,0.0001208936520137277,935.9216095164749,999.4894260437251,Bearish Gap x1
2023-11-08,INTRADAY_BUY,525300.7999421253,5.0,0.00013041200797387639,930.9216095164749,999.427141627211,Volatility Dip
2023-11-09,GAP_SELL,528812.0,8.963434760681523,0.00011346187302859995,939.8850442771563,999.8850442771563,Bullish Gap x1
2023-11-10,GAP_SELL,531935.0,0.35434142946831315,0.00011279573632116706,940.2393857066246,1000.2393857066246,Bullish Gap x2
2023-11-13,GAP_SELL,533683.0,0.19716694708939997,0.00011242629051328224,940.436552653714,1000.436552653714,Bullish Gap x1
2023-11-14,GAP_SELL,535813.0,0.2394679987932946,0.00011197936593550363,940.6760206525073,1000.6760206525073,Bullish Gap x2
2023-11-15,INTRADAY_BUY,537812.409821676,5.0,0.00012127628788949474,935.6760206525073,1000.8999132965838,Volatility Dip
2023-11-16,INTRADAY_BUY,542618.650250494,5.0,0.00013049086243036576,930.6760206525073,1001.4827962944953,Volatility Dip
2023-11-17,INTRADAY_BUY,547379.9351982694,5.0,0.00013962528566820133,925.6760206525073,1002.1041004736072,Volatility Dip
2023-11-20,INTRADAY_BUY,543929.3522755635,5.0,0.00014881765592562939,920.6760206525073,1001.6223118473026,Volatility Dip
2023-11-21,GAP_BUY,546992.0,5.0,0.00015795855743790013,915.6760206525073,1002.0780879025792,Bearish Gap x1
2023-11-22,INTRADAY_BUY,548680.6471164405,5.0,0.0001670713264525851,910.6760206525073,1002.3448241651138,Volatility Dip
2023-11-24,INTRADAY_BUY,549398.9358024352,5.0,0.00017617218135813228,905.6760206525073,1002.4648296086588,Volatility Dip
2023-11-27,INTRADAY_BUY,548961.3691202854,5.0,0.00018528029038229282,900.6760206525073,1002.3877425317748,Volatility Dip
2023-11-28,INTRADAY_BUY,547387.9272837881,5.0,0.0001944145802538482,895.6760206525073,1002.096214771409,Volatility Dip
2023-11-29,INTRADAY_SELL,548575.3155126249,10.0,0.0001761855427503008,905.6760206525073,1002.3270603555167,Volatility Spike
2023-11-30,INTRADAY_SELL,546378.8157448708,10.0,0.00015788322261666395,915.6760206525073,1001.940068851784,Volatility Spike
2023-12-04,INTRADAY_SELL,542767.1282272076,10.0,0.0001394591149654469,925.6760206525073,1001.369843987411,Volatility Spike
2023-12-05,GAP_BUY,539845.0,20.0,0.00017650678605622295,905.6760206525073,1000.9623265710289,Bearish Gap x4
2023-12-06,GAP_SELL,542181.0,10.0,0.00015806276090595027,915.6760206525073,1001.3746464232563,Bullish Gap x1
2023-12-07,INTRADAY_BUY,535541.6585236706,12.5,0.00018140361553611815,903.1760206525073,1000.3252137789103,Volatility Dip
2023-12-08,INTRADAY_BUY,537471.7471764407,5.0,0.00019070643010500862,898.1760206525073,1000.6753388388281,Volatility Dip
2023-12-11,INTRADAY_BUY,540097.1472693391,5.0,0.00019996402390138276,893.1760206525073,1001.1760195181421,Volatility Dip
2023-12-12,GAP_BUY,545954.0,5.0,0.00020912230463565707,888.1760206525073,1002.3471793575628,Bearish Gap x1
2023-12-13,GAP_SELL,551682.0,10.0,0.00019099592023304833,898.1760206525073,1003.5450319185159,Bullish Gap x1
2023-12-14,GAP_SELL,558014.0,10.0,0.0001730752229028738,908.1760206525073,1004.7544180854316,Bullish Gap x1
2023-12-15,GAP_BUY,547249.0,20.0,0.00020962165788950696,888.1760206525073,1002.8912633108821,Bearish Gap x4
2023-12-18,GAP_SELL,546524.0,10.0,0.00019132419977238859,898.1760206525073,1002.7392876089123,Bullish Gap x1
2023-12-19,INTRADAY_BUY,552175.1865094992,5.0,0.00020037929699906191,893.1760206525073,1003.8204963456067,Volatility Dip
2023-12-20,GAP_BUY,553885.0,5.0,0.00020940644162294593,888.1760206525073,1004.1631075708327,Bearish Gap x1
2023-12-21,INTRADAY_BUY,544598.6894377561,5.0,0.00021858751402905474,883.1760206525073,1002.2184943201876,Volatility Dip
2023-12-22,GAP_SELL,543209.0,10.0,0.0002001783934143374,893.1760206525073,1001.9147255607161,Bullish Gap x1
2023-12-26,INTRADAY_SELL,542831.3181747583,5.0,0.00019096742891654047,898.1760206525073,1001.8391218197174,Volatility Spike
2023-12-27,INTRADAY_SELL,544614.5951551542,5.0,0.0001817866246478345,903.1760206525073,1002.1796696397097,Volatility Spike
2023-12-28,INTRADAY_SELL,545296.6133478815,5.0,0.00017261730307566812,908.1760206525073,1002.3036514249139,Volatility Spike
2023-12-29,GAP_BUY,543924.0,5.0,0.00018180976378709104,903.1760206525073,1002.0667146106371,Bearish Gap x1
2024-01-02,GAP_BUY,539496.0,25.0,0.00022814931032682443,878.1760206525073,1001.2616609765878,Bearish Gap x5
2024-01-03,INTRADAY_BUY,548728.5996295528,5.0,0.0002372612829912263,873.1760206525073,1003.3680722145939,Volatility Dip
2024-01-04,GAP_SELL,557707.0,10.0,0.00021933072088603487,883.1760206525073,1005.4982990056951,Bullish Gap x1
2024-01-05,GAP_SELL,555300.0,20.0,0.00018331415326492916,903.1760206525073,1004.9703699605225,Bullish Gap x2
2024-01-08,GAP_SELL,558068.0,20.0,0.00014747622670400828,923.1760206525073,1005.4777835367598,Bullish Gap x2
2024-01-09,INTRADAY_BUY,557843.5731636488,5.0,0.00015643931284596013,918.1760206525073,1005.4446859137636,Volatility Dip
2024-01-10,INTRADAY_BUY,555672.7229346276,5.0,0.0001654374151346489,913.1760206525073,1005.105079595644,Volatility Dip
2024-01-11,INTRADAY_BUY,557001.4071521142,5.0,0.00017441405313914596,908.1760206525073,1005.3248936781152,Volatility Dip
2024-01-12,GAP_SELL,556150.0,20.0,0.00013845253196680037,928.1760206525073,1005.1763963058434,Bullish Gap x2
2024-01-17,INTRADAY_SELL,547467.0359494431,5.0,0.000129319561994775,933.1760206525073,1003.974217948067,Volatility Spike
2024-01-18,INTRADAY_SELL,547722.7927717158,5.0,0.0001201908566241297,938.1760206525073,1004.0072923083005,Volatility Spike
2024-01-19,INTRADAY_BUY,548907.4225430341,5.0,0.00012929986079251112,933.1760206525073,1004.1496739752977,Volatility Dip
2024-01-22,INTRADAY_BUY,556479.9235720179,5.0,0.00013828491090520025,928.1760206525073,1005.1287973041965,Volatility Dip
2024-01-23,INTRADAY_BUY,558002.4158633334,5.0,0.00014724544558723037,923.1760206525073,1005.3393350150549,Volatility Dip
2024-01-24,INTRADAY_BUY,564493.9873259108,5.0,0.00015610293585685347,918.1760206525073,1006.2951893476234,Volatility Dip
2024-01-25,GAP_SELL,576436.0,29.98335193358119,0.00010408787792573677,948.1593725860885,1008.1593725860885,Bullish Gap x3
2024-01-26,INTRADAY_BUY,576583.0156836592,5.0,0.00011275965608082421,943.1593725860885,1008.1746751366223,Volatility Dip
2024-01-29,INTRADAY_BUY,581671.976137702,5.0,0.00012135556615577739,938.1593725860885,1008.7485045672291,Volatility Dip
2024-01-30,GAP_BUY,577853.0,5.0,0.00013000828579208626,933.1593725860885,1008.2850505559029,Bearish Gap x1
2024-01-31,GAP_BUY,583773.0,5.0,0.0001385732588209862,928.1593725860885,1009.054699607792,Bearish Gap x1
2024-02-01,INTRADAY_BUY,579064.5582372207,5.0,0.0001472078746490053,923.1593725860885,1008.4022354887549,Volatility Dip
2024-02-02,INTRADAY_BUY,581614.0335176913,5.0,0.0001558046410814781,918.1593725860885,1008.7775383262631,Volatility Dip
2024-02-05,GAP_BUY,588726.0,5.0,0.00016429755629160983,913.1593725860885,1009.8856157114228,Bearish Gap x1
2024-02-06,GAP_BUY,588028.0,10.0,0.00018130354920351197,903.1593725860885,1009.7709360171312,Bearish Gap x2
2024-02-07,INTRADAY_BUY,593207.5525732794,5.0,0.00018973230230739688,898.1593725860885,1010.7100072819529,Volatility Dip
2024-02-08,GAP_BUY,596493.0,20.0,0.0002232616144703225,878.1593725860885,1011.3333627863345,Bearish Gap x4
2024-02-09,INTRADAY_BUY,597297.5023374825,5.0,0.00023163265232069497,873.1593725860885,1011.512977277046,Volatility Dip
2024-02-12,INTRADAY_BUY,599421.3990640814,5.0,0.0002399740295351335,868.1593725860885,1012.0049411090833,Volatility Dip
2024-02-13,INTRADAY_SELL,599954.3536873921,10.0,0.0002233060948188692,878.1593725860885,1012.1328363775987,Volatility Spike
2024-02-14,GAP_SELL,595655.0,10.0,0.00020651785330322674,888.1593725860885,1011.172764495422,Bullish Gap x1
2024-02-15,INTRADAY_BUY,602097.7487021616,5.0,0.00021482215274759044,883.1593725860885,1012.5033071267645,Volatility Dip
2024-02-16,INTRADAY_BUY,607381.516240723,5.0,0.0002230542109619177,878.1593725860885,1013.6383774440161,Volatility Dip
2024-02-20,INTRADAY_BUY,611278.6569417871,5.0,0.00023123378658298534,873.1593725860885,1014.5076510880996,Volatility Dip
2024-02-21,INTRADAY_BUY,613390.5655401079,5.0,0.00023938519986009917,868.1593725860885,1014.9959957102064,Volatility Dip
2024-02-22,GAP_SELL,620749.0,20.0,0.0002071660581458153,888.1593725860885,1016.7574960140452,Bullish Gap x2
2024-02-23,GAP_SELL,629210.0,10.0,0.0001912731130241548,898.1593725860885,1018.5103280320169,Bullish Gap x1
2024-02-26,GAP_SELL,634902.0,30.0,0.0001440217261959514,928.1593725860885,1019.5990545913504,Bullish Gap x3
2024-02-27,INTRADAY_BUY,616348.6361927228,5.0,0.00015213401801651214,923.1593725860885,1016.9269671090849,Volatility Dip
2024-02-28,GAP_BUY,614827.0,20.0,0.00018466349378774534,903.1593725860885,1016.6954744811266,Bearish Gap x4
2024-02-29,GAP_SELL,623019.0,10.0,0.00016861261893481147,913.1593725860885,1018.2082378222358,Bullish Gap x1
2024-03-01,INTRADAY_BUY,617115.8764025196,5.0,0.00017671482500532698,908.1593725860885,1017.2128966925687,Volatility Dip
2024-03-04,GAP_BUY,611956.0,15.0,0.0002012263911963603,893.1593725860885,1016.3010700370484,Bearish Gap x3
2024-03-05,GAP_BUY,607378.0,5.0,0.0002094584970678275,888.1593725860885,1015.3798556181514,Bearish Gap x1
2024-03-06,INTRADAY_SELL,608096.4473470396,5.0,0.00020123611717757549,893.1593725860885,1015.5303405196847,Volatility Spike
2024-03-07,GAP_SELL,611416.0,20.0,0.00016852516424209458,913.1593725860885,1016.198354406333,Bullish Gap x2
2024-03-08,INTRADAY_SELL,606960.0846818042,5.0,0.00016028739024972203,918.1593725860885,1015.4474205454851,Volatility Spike
2024-03-11,INTRADAY_SELL,609934.8875636118,5.0,0.00015208979391288593,923.1593725860885,1015.9242439359175,Volatility Spike
2024-03-12,INTRADAY_BUY,611887.0544518994,5.0,0.00016026123660581684,918.1593725860885,1016.2211485956407,Volatility Dip
2024-03-13,INTRADAY_BUY,609643.2764425197,7.5,0.00017256351285458498,910.6593725860885,1015.8615579571886,Volatility Dip
2024-03-14,INTRADAY_BUY,615045.9262531721,5.0,0.00018069298707199788,905.6593725860885,1016.7938581872379,Volatility Dip
2024-03-15,INTRADAY_SELL,608127.5393528845,5.0,0.0001724710275710015,910.6593725860885,1015.543754192505,Volatility Spike
2024-03-18,INTRADAY_BUY,617552.4440739795,5.0,0.00018056750593163287,905.6593725860885,1017.1692771945111,Volatility Dip
2024-03-19,GAP_BUY,616871.0,5.0,0.0001886729282970869,900.6593725860885,1017.0462305376408,Bearish Gap x1
2024-03-20,INTRADAY_BUY,622897.1512646212,5.0,0.00019669993562863253,895.6593725860885,1018.183202143098,Volatility Dip
2024-03-21,GAP_SELL,630472.0,10.0,0.000180838803016875,905.6593725860885,1019.6731744017437,Bullish Gap x1
2024-03-22,GAP_BUY,623558.0,10.0,0.00019687580358458483,895.6593725860885,1018.4228549176851,Bearish Gap x2
2024-03-25,INTRADAY_BUY,622109.9308410275,5.0,0.0002049129683236857,890.6593725860885,1018.1377651383663,Volatility Dip
2024-03-26,INTRADAY_BUY,619191.8206160062,5.0,0.00021298801039227396,885.6593725860885,1017.5398065102614,Volatility Dip
2024-03-27,GAP_SELL,625082.0,10.0,0.00019699010931689505,895.6593725860885,1018.7943440981119,Bullish Gap x1
2024-03-28,INTRADAY_BUY,629741.3735007119,5.0,0.00020492987667282588,890.6593725860885,1019.7121945933653,Volatility Dip
2024-04-01,INTRADAY_BUY,634202.9552415353,5.0,0.0002128137882167192,885.6593725860885,1020.626505989278,Volatility Dip
2024-04-02,INTRADAY_BUY,634163.9938246317,5.0,0.00022069818412801193,880.6593725860885,1020.6182144625525,Volatility Dip
2024-04-03,INTRADAY_SELL,633055.3042970675,10.0,0.00020490177592777766,890.6593725860885,1020.3735286970573,Volatility Spike
2024-04-04,GAP_SELL,638862.0,20.0,0.00017359611054151272,910.6593725860885,1021.5633309588603,Bullish Gap x2
2024-04-05,INTRADAY_BUY,629476.6356679044,5.0,0.0001815392171108213,905.6593725860885,1019.9340682147936,Volatility Dip
2024-04-08,INTRADAY_BUY,631038.0893761236,5.0,0.0001894626690928455,900.6593725860885,1020.2175332985385,Volatility Dip
2024-04-09,INTRADAY_BUY,628799.3064201932,5.0,0.00019741433180771938,895.6593725860885,1019.7933675041883,Volatility Dip
2024-04-10,INTRADAY_SELL,625706.5582704308,5.0,0.00018942336554100654,900.6593725860885,1019.1828146947533,Volatility Spike
2024-04-11,INTRADAY_SELL,620295.546285484,5.0,0.00018136269183483293,905.6593725860885,1018.157842593582,Volatility Spike
2024-04-12,INTRADAY_SELL,615227.5493327618,5.0,0.0001732356175426906,910.6593725860885,1017.2386970240257,Volatility Spike
2024-04-15,GAP_SELL,613163.0,20.0,0.00014061786337291846,930.6593725860885,1016.8810435454172,Bullish Gap x2
2024-04-16,GAP_SELL,606513.0,10.0,0.00012413017061118045,940.6593725860885,1015.9459347539873,Bullish Gap x1
2024-04-17,GAP_SELL,600651.0,10.0,0.00010748156767869552,950.6593725860885,1015.2182836938646,Bullish Gap x1
2024-04-18,INTRADAY_BUY,600750.083281568,7.5,0.00011996596045485898,943.1593725860885,1015.2289333202983,Volatility Dip
2024-04-19,INTRADAY_BUY,603783.0797359209,5.0,0.00012824708022752117,938.1593725860885,1015.5927896530009,Volatility Dip
2024-04-22,GAP_SELL,616550.0,19.070737314278176,9.731570837726056e-05,957.2301099003666,1017.2301099003666,Bullish Gap x2
2024-04-23,GAP_SELL,619780.0,0.3143297380585537,9.680854496756913e-05,957.5444396384252,1017.5444396384252,Bullish Gap x1
2024-04-24,INTRADAY_BUY,614858.1122434823,5.0,0.00010494050240691412,952.5444396384252,1017.067958846223,Volatility Dip
2024-04-25,GAP_BUY,612589.0,5.0,0.00011310258171294149,947.5444396384252,1016.8298370673742,Bearish Gap x1
2024-04-26,GAP_BUY,610258.0,10.0,0.00012948909364723812,937.5444396384252,1016.5661949494014,Bearish Gap x2
2024-04-29,INTRADAY_SELL,607798.5658716866,5.0,0.00012126268397674286,942.5444396384252,1016.247725053241,Volatility Spike
2024-05-01,INTRADAY_SELL,598191.1360656059,5.0,0.00011290415156369882,947.5444396384252,1015.0827023288375,Volatility Spike
2024-05-02,GAP_SELL,609950.0,8.865887246278092,9.836871874743832e-05,956.4103268847033,1016.4103268847033,Bullish Gap x3
2024-05-03,GAP_SELL,612883.0,0.2885154520862372,9.789796747503195e-05,956.6988423367895,1016.6988423367895,Bullish Gap x3
2024-05-06,INTRADAY_BUY,608761.1500033914,5.0,0.00010611136939789143,951.6988423367895,1016.2953215998846,Volatility Dip
2024-05-07,INTRADAY_BUY,611394.5421818085,5.0,0.00011428939464188054,946.6988423367895,1016.5747544500981,Volatility Dip
2024-05-08,INTRADAY_BUY,610937.9942965518,5.0,0.00012247353124277588,941.6988423367895,1016.5225758686671,Volatility Dip
2024-05-10,GAP_SELL,620000.0,15.933589370521048,9.677419354838708e-05,957.6324317073106,1017.6324317073106,Bullish Gap x2
2024-05-13,GAP_SELL,624401.0,0.4259032258064437,9.609209466352551e-05,958.0583349331171,1018.0583349331171,Bullish Gap x1
2024-05-14,GAP_BUY,619501.0,10.0,0.00011223411864734475,948.0583349331171,1017.5874836692658,Bearish Gap x2
2024-05-15,INTRADAY_BUY,619040.9700018404,5.0,0.00012031112847754248,943.0583349331171,1017.535852607871,Volatility Dip
2024-05-16,GAP_SELL,625889.0,10.0,0.0001043338545519742,953.0583349331171,1018.3597468247976,Bullish Gap x1
2024-05-17,INTRADAY_BUY,625930.147718974,5.0,0.00011232196635362026,948.0583349331171,1018.3640399249242,Volatility Dip
2024-05-20,INTRADAY_BUY,628795.3103774339,5.0,0.00012027367960192479,943.0583349331171,1018.6858606286454,Volatility Dip
2024-05-21,INTRADAY_BUY,624207.8532896906,5.0,0.00012828383194725187,938.0583349331171,1018.1341102846866,Volatility Dip
2024-05-22,INTRADAY_SELL,627563.0519097517,10.0,0.00011234917809921419,948.0583349331171,1018.5645280206122,Volatility Spike
2024-05-24,GAP_SELL,615271.0,9.12519115828161,9.751800426153679e-05,957.1835260913987,1017.1835260913987,Bullish Gap x1
2024-05-29,INTRADAY_BUY,608568.3409402524,7.5,0.00010984201045024573,949.6835260913987,1016.5298961566466,Volatility Dip
2024-05-30,INTRADAY_BUY,608244.6614767443,5.0,0.0001180623867505664,944.6835260913987,1016.4943425536334,Volatility Dip
2024-05-31,INTRADAY_BUY,617329.6646901453,5.0,0.00012616178693492273,939.6835260913987,1017.5669397166441,Volatility Dip
2024-06-03,GAP_BUY,625735.0,10.0,0.00014214299303654722,929.6835260913987,1018.6273718391226,Bearish Gap x2
2024-06-04,GAP_SELL,634999.0,20.0,0.00011064688044424393,949.6835260913987,1019.9441845266131,Bullish Gap x2
2024-06-05,INTRADAY_BUY,616639.3483034661,5.0,0.00011875534775784675,944.6835260913987,1017.9127463403488,Volatility Dip
2024-06-06,INTRADAY_BUY,617273.7200915143,5.0,0.00012685548200503085,939.6835260913987,1017.9880813826462,Volatility Dip
2024-06-07,GAP_BUY,618894.0,5.0,0.00013493440989898362,934.6835260913987,1018.1936227714202,Bearish Gap x1
2024-06-10,INTRADAY_BUY,623049.9999001665,5.0,0.00014295944801920055,929.6835260913987,1018.7544101654894,Volatility Dip
2024-06-11,GAP_BUY,615978.0,10.0,0.00015919379405103935,919.6835260913987,1017.7434009633698,Bearish Gap x2
2024-06-12,GAP_SELL,619446.0,20.0,0.0001269068796145913,939.6835260913987,1018.2954850411388,Bullish Gap x2
2024-06-13,GAP_BUY,614838.0,5.0,0.00013503910306206853,934.6835260913987,1017.7106981398748,Bearish Gap x1
2024-06-14,GAP_BUY,609134.0,15.0,0.00015966422659810493,919.6835260913987,1016.9404350960087,Bearish Gap x3
2024-06-17,INTRADAY_BUY,609979.9430449957,5.0,0.00016786121742872175,914.6835260913987,1017.075501938034,Volatility Dip
2024-06-18,GAP_BUY,612221.0,10.0,0.00018419518833138598,904.6835260913987,1017.4516884868282,Bearish Gap x2
2024-06-20,GAP_BUY,613556.0,10.0,0.0002004936191184698,894.6835260913987,1017.6975890632506,Bearish Gap x2
2024-06-21,INTRADAY_BUY,616086.8953919848,5.0,0.00020860935739727015,889.6835260913987,1018.2050174399999,Volatility Dip
2024-06-24,GAP_SELL,617136.0,10.0,0.00019240547365041372,899.6835260913987,1018.4238704781204,Bullish Gap x1
2024-06-25,INTRADAY_BUY,623098.9514239687,5.0,0.0002004298813124287,894.6835260913987,1019.5711749712035,Volatility Dip
2024-06-26,GAP_BUY,618211.0,20.0,0.00023278129531185607,874.6835260913987,1018.5914834474365,Bearish Gap x4
2024-06-27,INTRADAY_BUY,616933.057446279,5.0,0.00024088590235090324,869.6835260913987,1018.2940023244472,Volatility Dip
2024-06-28,INTRADAY_SELL,616796.1911760346,5.0,0.00023277949691012613,874.6835260913987,1018.261033169438,Volatility Spike
2024-07-01,GAP_SELL,614967.0,10.0,0.00021651846176515087,884.6835260913987,1017.8352349677282,Bullish Gap x1
2024-07-02,INTRADAY_SELL,610713.1906776654,5.0,0.0002083313125823211,889.6835260913987,1016.9142067166141,Volatility Spike
2024-07-03,GAP_SELL,612842.0,10.0,0.0001920138930843102,899.6835260913987,1017.3577043569735,Bullish Gap x1
2024-07-05,INTRADAY_BUY,611323.6124228298,5.0,0.000200192867196211,894.6835260913987,1017.0661528470703,Volatility Dip
2024-07-08,INTRADAY_BUY,618076.9246861453,5.0,0.00020828247514030138,889.6835260913987,1018.4181177921347,Volatility Dip
2024-07-09,INTRADAY_BUY,614496.4703737603,5.0,0.00021641921837815725,884.6835260913987,1017.6723719058243,Volatility Dip
2024-07-10,INTRADAY_SELL,620239.380081377,10.0,0.00020029641108609532,894.6835260913987,1018.9152479359631,Volatility Spike
2024-07-11,INTRADAY_BUY,622896.1522539313,5.0,0.00020832343129148213,889.6835260913987,1019.4473898671991,Volatility Dip
2024-07-12,GAP_SELL,632000.0,10.0,0.00019250064648135555,899.6835260913987,1021.3439346676154,Bullish Gap x1
2024-07-15,INTRADAY_BUY,640047.1677770967,5.0,0.0002003125707452581,894.6835260913987,1022.8930196670505,Volatility Dip
2024-07-16,GAP_SELL,657735.0,20.0,0.0001699051878326869,914.6835260913987,1026.436114810531,Bullish Gap x2
2024-07-17,GAP_BUY,658756.0,10.0,0.00018508531522431598,904.6835260913987,1026.6095880073083,Bearish Gap x2
2024-07-18,GAP_BUY,670291.0,5.0,0.00019254476194223403,899.6835260913987,1028.7445471184205,Bearish Gap x1
2024-07-19,INTRADAY_BUY,663251.1890700002,5.0,0.00020008338393401803,894.6835260913987,1027.3890683987854,Volatility Dip
2024-07-22,GAP_SELL,654620.0,10.0,0.00018480734592723547,904.6835260913987,1025.6621108822856,Bullish Gap x1
2024-07-24,INTRADAY_SELL,653659.2744929455,10.0,0.00016950885573483796,914.6835260913987,1025.4845617511623,Volatility Spike
2024-07-25,INTRADAY_SELL,649831.9488702287,10.0,0.00015412026178006921,924.6835260913987,1024.835796164331,Volatility Spike
2024-07-26,GAP_SELL,653044.0,10.0,0.00013880735790222943,934.6835260913987,1025.3308383253022,Bullish Gap x1
2024-07-29,INTRADAY_BUY,656916.4622857275,5.0,0.00014641867575930156,929.6835260913987,1025.86836458376,Volatility Dip
2024-07-30,INTRADAY_BUY,658425.9674380751,5.0,0.0001540125439347244,924.6835260913987,1026.0893843292185,Volatility Dip
2024-07-31,INTRADAY_BUY,661259.1617544601,5.0,0.00016157387584388684,919.6835260913987,1026.5257317933465,Volatility Dip
2024-08-02,INTRADAY_SELL,647704.6538896778,5.0,0.00015385430802856645,924.6835260913987,1024.3356774224771,Volatility Spike
2024-08-05,INTRADAY_SELL,621331.6121576712,5.0,0.0001458070754362367,929.6835260913987,1020.2780713361908,Volatility Spike
2024-08-06,GAP_SELL,625120.0,20.0,0.00011381321825681516,949.6835260913987,1020.8304450880989,Bullish Gap x2
2024-08-07,GAP_SELL,641500.0,13.011179511746917,9.353078721745909e-05,962.6947056031456,1022.6947056031456,Bullish Gap x3
2024-08-08,INTRADAY_BUY,643787.4637998561,12.5,0.00011294713298819014,950.1947056031456,1022.9086538930776,Volatility Dip
2024-08-09,INTRADAY_BUY,647883.4076281983,5.0,0.00012066457094250391,945.1947056031456,1023.3712790053695,Volatility Dip
2024-08-12,INTRADAY_BUY,650450.865101086,5.0,0.0001283515466516114,940.1947056031456,1023.6810801597486,Volatility Dip
2024-08-14,INTRADAY_BUY,649638.6694102463,5.0,0.000136048132823951,935.1947056031456,1023.5768335866456,Volatility Dip
2024-08-15,GAP_SELL,661860.0,20.0,0.00010583026197513101,955.1947056031456,1025.2395227940058,Bullish Gap x2
2024-08-16,INTRADAY_BUY,661812.6136766312,5.0,0.00011338527059339082,950.1947056031456,1025.2345078869896,Volatility Dip
2024-08-19,INTRADAY_BUY,668381.1089623263,5.0,0.00012086603259123153,945.1947056031456,1025.9792785023496,Volatility Dip
2024-08-20,INTRADAY_BUY,673518.0219294813,5.0,0.0001282897389171233,940.1947056031456,1026.6001567924561,Volatility Dip
2024-08-21,GAP_SELL,674795.0,10.0,0.00011347042342130606,950.1947056031456,1026.7639799757258,Bullish Gap x1
2024-08-22,INTRADAY_BUY,669895.6091681231,5.0,0.00012093427291004805,945.1947056031456,1026.2080440235263,Volatility Dip
2024-08-23,INTRADAY_BUY,674731.8199176363,5.0,0.00012834462447848356,940.1947056031456,1026.7929076541584,Volatility Dip
2024-08-26,GAP_SELL,682960.0,10.0,0.0001137024785255727,950.1947056031456,1027.8489503369708,Bullish Gap x1
2024-08-27,INTRADAY_SELL,684270.8586991662,10.0,9.908838255338632e-05,960.1947056031456,1027.9979982200628,Volatility Spike
2024-08-28,INTRADAY_BUY,690625.0809822938,5.0,0.00010632820070897425,955.1947056031456,1028.6276278284827,Volatility Dip
2024-08-29,GAP_SELL,700563.0,10.0,9.205396698552611e-05,965.1947056031456,1029.6843088764267,Bullish Gap x1
2024-08-30,GAP_SELL,705674.0,4.960091098544154,8.502509657433885e-05,970.1547967016897,1030.1547967016897,Bullish Gap x1
2024-09-03,GAP_BUY,711879.0,20.0,0.00011311975872900277,950.1547967016897,1030.6823774259335,Bearish Gap x4
2024-09-04,GAP_SELL,718360.0,10.0,9.919916181380705e-05,960.1547967016897,1031.415506582256,Bullish Gap x1
2024-09-05,GAP_SELL,718849.0,10.0,8.528803444213372e-05,970.1547967016897,1031.4640149723832,Bullish Gap x1
2024-09-06,INTRADAY_BUY,695277.4737648766,5.0,9.247940794216294e-05,965.1547967016897,1029.4536458309883,Volatility Dip
2024-09-09,GAP_SELL,695039.0,4.2767952167129835,8.632609105388332e-05,969.4315919184028,1029.4315919184028,Bullish Gap x2
2024-09-10,INTRADAY_BUY,692444.2794484916,5.0,9.354688866662746e-05,964.4315919184028,1029.2075998358139,Volatility Dip
2024-09-11,GAP_BUY,686972.0,5.0,0.00010082520568682624,959.4315919184028,1028.6956851194932,Bearish Gap x1
2024-09-12,INTRADAY_BUY,680958.6535474063,7.5,0.00011183909024637957,951.9315919184028,1028.0893882265443,Volatility Dip
2024-09-16,INTRADAY_SELL,675035.529995294,5.0,0.00010443207272237626,956.9315919184028,1027.4269514770592,Volatility Spike
2024-09-17,GAP_SELL,680703.0,10.0,8.974137795534864e-05,966.9315919184028,1028.0188171167424,Bullish Gap x1
2024-09-18,GAP_SELL,687500.0,1.6971973443021895,8.727272727272727e-05,968.6287892627049,1028.628789262705,Bullish Gap x1
2024-09-19,GAP_SELL,692979.0,0.4781672727272692,8.658271029858048e-05,969.1069565354322,1029.1069565354323,Bullish Gap x3
2024-09-20,INTRADAY_BUY,686590.0768060319,5.0,9.386507596174248e-05,964.1069565354322,1028.553786249409,Volatility Dip
2024-09-23,INTRADAY_BUY,685077.5746216148,5.0,0.00010116351950335398,959.1069565354322,1028.4118151169764,Volatility Dip
2024-09-24,GAP_BUY,682820.0,15.0,0.00012313124159702435,944.1069565354322,1028.1834309227124,Bearish Gap x3
2024-09-26,INTRADAY_SELL,680752.4471990376,5.0,0.00011578642775085671,949.1069565354322,1027.9288505792624,Volatility Spike
2024-09-27,INTRADAY_SELL,685986.9368282197,5.0,0.00010849765921669428,954.1069565354322,1028.5349334345244,Volatility Spike
2024-09-30,INTRADAY_BUY,686729.9383026094,5.0,0.00011577854173123631,949.1069565354322,1028.6155473552903,Volatility Dip
2024-10-01,GAP_BUY,689737.0,10.0,0.00013027682151034052,939.1069565354322,1028.9637005735099,Bearish Gap x2
2024-10-02,GAP_SELL,687660.0,10.0,0.00011573475130122555,949.1069565354322,1028.693115615233,Bullish Gap x1
2024-10-03,GAP_BUY,681673.0,20.0,0.00014507433200927766,929.1069565354322,1028.0002116591925,Bearish Gap x4
2024-10-04,GAP_SELL,681701.0,10.0,0.0001304051441981992,939.1069565354322,1028.0042737404888,Bullish Gap x1
2024-10-07,INTRADAY_BUY,692794.9322006253,5.0,0.00013762228706054342,934.1069565354322,1029.4509795688364,Volatility Dip
2024-10-08,GAP_SELL,683090.0,10.0,0.00012298292767890995,944.1069565354322,1028.115364603619,Bullish Gap x1
2024-10-09,INTRADAY_BUY,678771.8191473475,5.0,0.00013034917338763848,939.1069565354322,1027.5843020801126,Volatility Dip
2024-10-10,GAP_SELL,685932.0,10.0,0.00011577046879301394,949.1069565354322,1028.517625735562,Bullish Gap x1
2024-10-11,INTRADAY_BUY,682218.406027294,5.0,0.00012309950001794978,944.1069565354322,1028.0877012204348,Volatility Dip
2024-10-14,INTRADAY_BUY,692009.7097984115,5.0,0.00013032483216170908,939.1069565354322,1029.2930058191832,Volatility Dip
2024-10-15,GAP_SELL,691717.0,30.0,8.69544942923203e-05,969.1069565354322,1029.2548584638332,Bullish Gap x3
2024-10-16,GAP_SELL,697415.0,0.6433686368785629,8.603198956145194e-05,969.7503251723108,1029.7503251723108,Bullish Gap x1
2024-10-17,GAP_SELL,701664.0,0.3655499236466113,8.551101381857983e-05,970.1158750959574,1030.1158750959573,Bullish Gap x1
2024-10-18,INTRADAY_BUY,698790.9943610424,5.0,9.266622909803814e-05,965.1158750959574,1029.8702014710636,Volatility Dip
2024-10-21,GAP_BUY,697639.0,5.0,9.983325961095385e-05,960.1158750959574,1029.7634504976836,Bearish Gap x1
2024-10-22,GAP_BUY,696199.0,10.0,0.00011419696883776974,950.1158750959574,1029.619690603844,Bearish Gap x2
2024-10-23,INTRADAY_SELL,693313.6175603858,10.0,9.977348176537132e-05,960.1158750959574,1029.2901886753023,Volatility Spike
2024-10-28,INTRADAY_SELL,685611.8268222198,5.0,9.248072542075753e-05,965.1158750959574,1028.5217541975271,Volatility Spike
2024-10-29,INTRADAY_BUY,687267.4060537431,7.5,0.00010339350832583468,957.6158750959574,1028.67486336585,Volatility Dip
2024-10-30,INTRADAY_BUY,682284.3407328234,5.0,0.00011072183128665426,952.6158750959574,1028.1596467601032,Volatility Dip
2024-10-31,INTRADAY_BUY,681849.7710827432,5.0,0.00011805482487563831,947.6158750959574,1028.1115304126247,Volatility Dip
2024-11-01,INTRADAY_SELL,680406.4232630216,5.0,0.00011070627578931205,952.6158750959574,1027.9411362385329,Volatility Spike
2024-11-05,INTRADAY_SELL,666612.6053151118,5.0,0.00010320566754978368,957.6158750959574,1026.4140740246041,Volatility Spike
2024-11-06,GAP_SELL,688739.0,11.081768262570463,8.711572889004398e-05,968.6976433585279,1028.6976433585278,Bullish Gap x3
2024-11-07,GAP_BUY,702299.0,5.0,9.423520364367455e-05,963.6976433585279,1029.8789326422768,Bearish Gap x1
2024-11-08,GAP_SELL,692712.0,5.277856386417085,8.661608287426809e-05,968.975499744945,1028.975499744945,Bullish Gap x2
2024-11-11,GAP_SELL,699170.0,0.5593666632020202,8.58160390176924e-05,969.534866408147,1029.534866408147,Bullish Gap x1
2024-11-12,GAP_SELL,702637.0,0.2975242072743356,8.53925995926773e-05,969.8323906154213,1029.8323906154214,Bullish Gap x1
2024-11-13,INTRADAY_BUY,700333.4668661547,5.0,9.253205563263203e-05,964.8323906154213,1029.6356859328744,Volatility Dip
2024-11-14,INTRADAY_BUY,702254.5644227162,5.0,9.965198087528278e-05,959.8323906154213,1029.8134490388538,Volatility Dip
2024-11-15,GAP_BUY,698399.0,15.0,0.00012112967485823522,944.8323906154213,1029.429234406738,Bearish Gap x3
2024-11-18,INTRADAY_BUY,704725.1178586894,5.0,0.00012822463979320523,939.8323906154213,1030.1955150060758,Volatility Dip
2024-11-19,GAP_BUY,706008.0,10.0,0.00014238878524198203,929.8323906154213,1030.3600121065426,Bearish Gap x2
2024-11-20,INTRADAY_BUY,703354.4751922295,5.0,0.0001494975762945071,924.8323906154213,1029.9821799325546,Volatility Dip
2024-11-21,INTRADAY_SELL,706265.9454146217,10.0,0.00013533860393441494,934.8323906154213,1030.417437674256,Volatility Spike
2024-11-22,INTRADAY_BUY,707483.3863733363,5.0,0.00014240590769914465,929.8323906154213,1030.582204433981,Volatility Dip
2024-11-25,GAP_SELL,718596.0,20.0,0.00011457385742332904,949.8323906154213,1032.1647062643958,Bullish Gap x2
2024-11-26,INTRADAY_BUY,715744.2057676197,5.0,0.00012155959333248336,944.8323906154213,1031.8379651986145,Volatility Dip
2024-11-27,GAP_SELL,720776.0,10.0,0.00010768565746336452,954.8323906154213,1032.4496280592355,Bullish Gap x1
2024-11-29,GAP_SELL,730091.0,18.620329343085274,8.218153627424526e-05,973.4527199585066,1033.4527199585066,Bullish Gap x3
2024-12-02,INTRADAY_BUY,725192.8488721221,5.0,8.907625401419043e-05,968.4527199585066,1033.0501823739141,Volatility Dip
2024-12-03,INTRADAY_BUY,716029.9228249138,5.0,9.605920240868458e-05,963.4527199585066,1032.2339832458197,Volatility Dip
2024-12-04,INTRADAY_BUY,706054.8010868658,7.5,0.00010668160733880455,955.9527199585066,1031.2757810077333,Volatility Dip
2024-12-05,INTRADAY_SELL,705704.2833735523,5.0,9.95964866759428e-05,960.9527199585066,1031.2383872146763,Volatility Spike
2024-12-06,GAP_SELL,706750.0,10.0,8.544721182627885e-05,970.9527199585066,1031.3425369167292,Bullish Gap x1
2024-12-11,INTRADAY_BUY,695274.4767328071,5.0,9.263861632525558e-05,965.9527199585066,1030.3619854493,Volatility Dip
2024-12-12,GAP_SELL,693017.0,4.200135969879639,8.657796273395891e-05,970.1528559283862,1030.1528559283863,Bullish Gap x1
2024-12-13,INTRADAY_BUY,689765.9317890318,5.0,9.382679856299384e-05,965.1528559283862,1029.8713850659715,Volatility Dip
2024-12-16,GAP_SELL,688354.0,4.586052098031061,8.716445317380302e-05,969.7389080264172,1029.7389080264172,Bullish Gap x1
2024-12-17,GAP_BUY,679987.0,25.0,0.00012392986192426444,944.7389080264172,1029.009603046712,Bearish Gap x5
2024-12-18,GAP_SELL,686377.0,10.0,0.00010936060916666912,954.7389080264172,1029.801514864408,Bullish Gap x1
2024-12-19,GAP_SELL,677657.0,14.1089823260575,8.854036776717423e-05,968.8478903524747,1028.8478903524747,Bullish Gap x3
2024-12-20,INTRADAY_BUY,673407.1317429091,5.0,9.596529655736839e-05,963.8478903524747,1028.4716054540297,Volatility Dip
2024-12-23,GAP_BUY,680000.0,15.0,0.00011802412008678015,948.8478903524747,1029.104292011485,Bearish Gap x3
2024-12-24,INTRADAY_BUY,682677.9509446202,5.0,0.0001253482177716131,943.8478903524747,1029.4203548153596,Volatility Dip
2024-12-26,GAP_BUY,686033.0,10.0,0.00013992477604213364,933.8478903524747,1029.8409042349876,Bearish Gap x2
2024-12-27,INTRADAY_BUY,686314.3498556361,5.0,0.00014721006739740216,928.8478903524747,1029.880272050527,Volatility Dip
2024-12-30,GAP_BUY,681727.0,20.0,0.00017654732409986518,908.8478903524747,1029.2049679691036,Bearish Gap x4
2024-12-31,INTRADAY_SELL,680877.8181903479,5.0,0.0001692038626646122,913.8478903524747,1029.055047192935,Volatility Spike
2025-01-02,GAP_SELL,685049.0,20.0,0.0001400088707735212,933.8478903524747,1029.7608272670045,Bullish Gap x2
2025-01-03,GAP_SELL,678874.0,10.0,0.0001252785968198862,943.8478903524747,1028.8962724899782,Bullish Gap x1
2025-01-06,INTRADAY_SELL,683948.9059934816,5.0,0.00011796810921447485,948.8478903524747,1029.5320495918343,Volatility Spike
2025-01-07,GAP_SELL,678759.0,10.0,0.00010323533955690862,958.8478903524747,1028.9198061947825,Bullish Gap x1
2025-01-08,GAP_SELL,680601.0,10.0,8.854244313154339e-05,968.8478903524747,1029.1099656902463,Bullish Gap x1
2025-01-10,INTRADAY_BUY,676587.9817793582,5.0,9.593246502766177e-05,963.8478903524747,1028.7546432526592,Volatility Dip
2025-01-13,GAP_BUY,662295.0,5.0,0.00010348197091250161,958.8478903524747,1027.38348227797,Bearish Gap x1
2025-01-14,GAP_SELL,668593.0,9.187321378302187,8.974069426392439e-05,968.0352117307768,1028.0352117307768,Bullish Gap x1
2025-01-15,GAP_SELL,683047.0,1.2971119948907628,8.784168585763498e-05,969.3323237256676,1029.3323237256677,Bullish Gap x3
2025-01-16,GAP_BUY,687763.0,5.0,9.51116320454933e-05,964.3323237256676,1029.7465851161721,Bearish Gap x1
2025-01-17,GAP_SELL,697790.0,6.367945725024768,8.598575502658394e-05,970.7002694506924,1030.7002694506925,Bullish Gap x2
2025-01-21,GAP_SELL,706486.0,0.7477321257111811,8.492737294157279e-05,971.4480015764036,1031.4480015764036,Bullish Gap x1
2025-01-22,INTRADAY_BUY,702005.810760946,5.0,9.204982110846217e-05,966.4480015764036,1031.0675108740497,Volatility Dip
2025-01-23,INTRADAY_BUY,691893.8245583901,5.0,9.92763634225106e-05,961.4480015764036,1030.1367043530531,Volatility Dip
2025-01-24,GAP_BUY,686545.0,20.0,0.00012840773864190627,941.4480015764036,1029.605692502311,Bearish Gap x4
2025-01-27,INTRADAY_BUY,695789.9662487643,5.0,0.00013559381524912823,936.4480015764036,1030.7928177121357,Volatility Dip
2025-01-28,GAP_BUY,711229.0,5.0,0.00014262389979292496,931.4480015764036,1032.8862552022258,Bearish Gap x1
2025-01-29,INTRADAY_BUY,704237.6006420476,5.0,0.00014972377630539965,926.4480015764036,1031.889114560785,Volatility Dip
2025-01-30,GAP_SELL,707271.0,10.0,0.00013558492429534974,936.4480015764036,1032.3432865677,Bullish Gap x1
2025-02-03,INTRADAY_SELL,693338.6917586479,10.0,0.00012116195884013321,946.4480015764036,1030.4542756095368,Volatility Spike
2025-02-04,INTRADAY_SELL,699109.7692306375,10.0,0.00010685805344484044,956.4480015764036,1031.1535106606611,Volatility Spike
2025-02-05,GAP_SELL,704532.0,10.0,9.266423400157882e-05,966.4480015764036,1031.732919686004,Bullish Gap x1
2025-02-06,INTRADAY_BUY,711636.2738109994,5.0,9.969029518480615e-05,961.4480015764036,1032.3912317768377,Volatility Dip
2025-02-07,INTRADAY_BUY,716022.9297500849,5.0,0.00010667331177862551,956.4480015764036,1032.8285388022794,Volatility Dip
2025-02-10,INTRADAY_BUY,710615.2848859833,5.0,0.0001137094677780032,951.4480015764036,1032.251687415703,Volatility Dip
2025-02-13,INTRADAY_SELL,710410.2089033707,10.0,9.963309348794822e-05,961.4480015764036,1032.228368334866,Volatility Spike
2025-02-14,INTRADAY_BUY,720347.6470264003,5.0,0.00010657418647359207,956.4480015764036,1033.2184660364085,Volatility Dip
2025-02-18,INTRADAY_BUY,720261.7321070741,5.0,0.00011351610741304398,951.4480015764036,1033.2093097237753,Volatility Dip
2025-02-19,GAP_BUY,724125.0,5.0,0.00012042099261932743,946.4480015764036,1033.6478528568741,Bearish Gap x1
2025-02-20,INTRADAY_BUY,724595.4404795981,5.0,0.00012732139485852807,941.4480015764036,1033.7045037663956,Volatility Dip
2025-02-21,GAP_BUY,721103.0,10.0,0.00014118903928657788,931.4480015764036,1033.2598413730727,Bearish Gap x2
2025-02-24,GAP_SELL,724726.0,20.0,0.00011359240276463717,951.4480015764036,1033.7713692624081,Bullish Gap x2
2025-02-25,GAP_SELL,754050.0,20.0,8.706896267445747e-05,971.4480015764036,1037.1023528810783,Bullish Gap x2
2025-02-26,GAP_BUY,748186.0,10.0,0.00010043462308510401,961.4480015764036,1036.5917804839553,Bearish Gap x2
2025-02-27,GAP_SELL,743491.0,10.0,8.698456114756879e-05,971.4480015764036,1036.1202399285708,Bullish Gap x1
2025-02-28,GAP_SELL,760420.0,6.144799987834261,7.890376370952894e-05,977.5928015642379,1037.5928015642378,Bullish Gap x3
2025-03-03,INTRADAY_BUY,774880.6435526722,5.0,8.535637036786021e-05,972.5928015642379,1038.7338007662056,Volatility Dip
2025-03-04,GAP_BUY,759915.0,25.0,0.00011825478663810097,947.5928015642379,1037.4563877523303,Bearish Gap x5
2025-03-05,GAP_SELL,745891.0,10.0,0.00010484800200066734,957.5928015642379,1035.7979826245178,Bullish Gap x1
2025-03-06,GAP_BUY,745145.0,10.0,0.00011826820880605421,947.5928015642379,1035.7197660150252,Bearish Gap x2
2025-03-07,GAP_BUY,744600.0,15.0,0.00013841325312515172,932.5928015642379,1035.655309841226,Bearish Gap x3
2025-03-10,GAP_BUY,736299.0,25.0,0.00017236685078045208,907.5928015642379,1034.506341427034,Bearish Gap x5
2025-03-11,INTRADAY_SELL,746464.9000683135,10.0,0.0001589703735996967,917.5928015642379,1036.258605607158,Volatility Spike
2025-03-12,GAP_SELL,747915.0,10.0,0.00014559987026709875,927.5928015642379,1036.489128535055,Bullish Gap x1
2025-03-13,INTRADAY_BUY,744234.991631154,5.0,0.00015231817840394328,922.5928015642379,1035.9533197939693,Volatility Dip
2025-03-14,GAP_SELL,759622.0,10.0,0.00013915373608921306,932.5928015642379,1038.297040879798,Bullish Gap x1
2025-03-17,INTRADAY_BUY,771272.2169409717,5.0,0.00014563653151497216,927.5928015642379,1039.9182120933842,Volatility Dip
2025-03-18,GAP_SELL,788495.0,10.0,0.00013295414291390303,937.5928015642379,1042.426478481136,Bullish Gap x1
2025-03-19,GAP_SELL,789633.0,20.0,0.0001076259208157891,957.5928015642379,1042.5777802957718,Bullish Gap x2
2025-03-20,GAP_BUY,787528.0,15.0,0.00012667286263881,942.5928015642379,1042.3512277324546,Bearish Gap x3
2025-03-21,INTRADAY_BUY,791890.7985685703,5.0,0.00013298686453028046,937.5928015642379,1042.903875916252,Volatility Dip
2025-03-24,GAP_SELL,785498.0,10.0,0.00012025608736725776,947.5928015642379,1042.0537176790442,Bullish Gap x1
2025-03-25,INTRADAY_BUY,789862.806868196,5.0,0.00012658630061001695,942.5928015642379,1042.5786122751272,Volatility Dip
2025-03-26,GAP_SELL,796054.0,10.0,0.00011402433873305886,952.5928015642379,1043.3623325100443,Bullish Gap x1
2025-03-27,INTRADAY_BUY,797637.1080565274,5.0,0.00012029285351189443,947.5928015642379,1043.542845359333,Volatility Dip
2025-03-28,INTRADAY_BUY,802427.3643143082,5.0,0.00012652394709414358,942.5928015642379,1044.1190789536345,Volatility Dip
2025-03-31,GAP_BUY,781811.0,25.0,0.0001585009850227478,917.5928015642379,1041.5106151658574,Bearish Gap x5
2025-04-01,INTRADAY_SELL,800426.5806640701,10.0,0.00014600764679339572,927.5928015642379,1044.461203037883,Volatility Spike
2025-04-02,INTRADAY_SELL,800295.191865177,10.0,0.00013351225746499818,937.5928015642379,1044.4420192685416,Volatility Spike
2025-04-03,INTRADAY_SELL,792962.493325428,10.0,0.0001209013205238785,947.5928015642379,1043.4630141331893,Volatility Spike
2025-04-04,INTRADAY_SELL,779234.8712609301,5.0,0.00011448476989914943,952.5928015642379,1041.8033264979388,Volatility Spike
2025-04-07,GAP_BUY,702098.0,25.0,0.0001500923346550667,927.5928015642379,1032.972329540891,Bearish Gap x5
2025-04-08,GAP_SELL,763357.0,30.0,0.00011079224308585335,957.5928015642379,1042.1668358695256,Bullish Gap x3
2025-04-09,GAP_BUY,738283.0,5.0,0.00011756471380507619,952.5928015642379,1039.388831166391,Bearish Gap x1
2025-04-10,INTRADAY_BUY,777021.5234609983,22.5,0.0001465214406403649,930.0928015642379,1043.9431145903145,Volatility Dip
2025-04-11,INTRADAY_BUY,775201.3259841107,5.0,0.0001529713780081223,925.0928015642379,1043.676416633751,Volatility Dip
2025-04-14,GAP_SELL,796354.0,30.0,0.00011529968928677475,955.0928015642379,1046.9121703265182,Bullish Gap x3
2025-04-15,GAP_SELL,799709.0,20.0,9.029059222771952e-05,975.0928015642379,1047.2990007840754,Bullish Gap x2
2025-04-16,INTRADAY_BUY,793470.2344692067,5.0,9.659202583265463e-05,970.0928015642379,1046.73569894953,Volatility Dip
2025-04-17,GAP_SELL,777941.0,10.0,8.373758057266705e-05,980.0928015642379,1045.235698732519,Bullish Gap x1
2025-04-21,GAP_BUY,775235.0,20.0,0.00010953620937554617,960.0928015642379,1045.0091048394895,Bearish Gap x4
2025-04-22,GAP_SELL,770396.0,24.386257558083273,7.788202430957585e-05,984.4790591223211,1044.4790591223211,Bullish Gap x3
2025-04-23,GAP_SELL,792086.0,1.689261107274696,7.57493504493199e-05,986.1683202295958,1046.1683202295958,Bullish Gap x3
2025-04-24,INTRADAY_BUY,788942.7180228537,5.0,8.208694617810785e-05,981.1683202295958,1045.930218661548,Volatility Dip
2025-04-25,INTRADAY_BUY,797173.5670964419,5.0,8.835910597664657e-05,976.1683202295958,1046.6058639264518,Volatility Dip
2025-04-28,GAP_SELL,800630.0,10.742951018082536,7.49409839751196e-05,986.9112712476783,1046.9112712476783,Bullish Gap x2
2025-04-29,INTRADAY_BUY,797498.2455706397,5.0,8.121059024418708e-05,981.9112712476783,1046.6765744891736,Volatility Dip
2025-04-30,GAP_BUY,798258.0,15.0,0.00010000150746643853,966.9112712476783,1046.7382745948225,Bearish Gap x3
2025-05-01,GAP_BUY,798237.0,10.0,0.00011252911518194157,956.9112712476783,1046.7361745631658,Bearish Gap x2
2025-05-02,GAP_SELL,803783.0,30.0,7.520560871315584e-05,986.9112712476783,1047.3602610359649,Bullish Gap x3
2025-05-05,GAP_BUY,780921.0,25.0,0.00010721909023049243,961.9112712476783,1045.6409104095646,Bearish Gap x5
2025-05-06,GAP_BUY,765369.0,25.0,0.00013988307322431633,936.9112712476783,1043.9734391183001,Bearish Gap x5
2025-05-07,GAP_SELL,773052.0,20.0,0.00011401159239249648,956.9112712476783,1045.0481607698825,Bullish Gap x2
2025-05-08,INTRADAY_BUY,779320.2470583192,5.0,0.00012042744007369477,951.9112712476783,1045.762813598511,Volatility Dip
2025-05-09,GAP_SELL,771754.0,10.0,0.00010746994325476024,961.9112712476783,1044.8516298343125,Bullish Gap x1
2025-05-12,GAP_SELL,779849.0,23.810327777281515,7.693797132521809e-05,985.7215990249598,1045.72159902496,Bullish Gap x3
2025-05-13,INTRADAY_BUY,771199.2891606134,5.0,8.34213797908069e-05,980.7215990249598,1045.0561078204275,Volatility Dip
2025-05-14,INTRADAY_BUY,767018.4294236349,5.0,8.994012798275997e-05,975.7215990249598,1044.7073347324572,Volatility Dip
2025-05-15,INTRADAY_BUY,753223.0908076405,5.0,9.657826754727964e-05,970.7215990249598,1043.466580211769,Volatility Dip
2025-05-16,GAP_SELL,762266.0,10.0,8.345948748887483e-05,980.7215990249598,1044.3399287151544,Bullish Gap x1
2025-05-19,INTRADAY_BUY,769555.9165758274,5.0,8.995674115466136e-05,975.7215990249598,1044.9483414164097,Volatility Dip
2025-05-20,INTRADAY_BUY,766636.8073401161,5.0,9.647873429682179e-05,970.7215990249598,1044.6857478624906,Volatility Dip
2025-05-21,GAP_BUY,761265.0,5.0,0.0001030467493769844,965.7215990249598,1044.1674826894298,Bearish Gap x1
2025-05-22,INTRADAY_SELL,761362.9857076833,5.0,9.647957958562329e-05,970.7215990249598,1044.177579798092,Volatility Spike
2025-05-23,INTRADAY_SELL,752225.9478609983,5.0,8.983264057186311e-05,975.7215990249598,1043.296042227986,Volatility Spike
2025-05-27,GAP_SELL,759403.0,8.219176748194556,7.900943240940581e-05,983.9407757731543,1043.9407757731542,Bullish Gap x2
2025-05-29,INTRADAY_BUY,755746.5918101751,5.0,8.562540667139213e-05,978.9407757731543,1043.651885037419,Volatility Dip
2025-05-30,GAP_BUY,757557.0,5.0,9.22255700914384e-05,973.9407757731543,1043.8069019749141,Bearish Gap x1
2025-06-02,GAP_BUY,753280.0,25.0,0.00012541376040579695,948.9407757731543,1043.412453211633,Bearish Gap x5
2025-06-05,INTRADAY_SELL,736215.5707867248,5.0,0.00011862227133873339,953.9407757731543,1041.2723389748176,Volatility Spike
2025-06-06,GAP_SELL,735218.0,10.0,0.00010502086332097538,963.9407757731543,1041.154004862275,Bullish Gap x1
2025-06-09,INTRADAY_BUY,740768.4245374107,5.0,0.00011177061106180594,958.9407757731543,1041.736915238992,Volatility Dip
2025-06-10,GAP_BUY,737601.0,15.0,0.00013210680908756783,943.9407757731543,1041.3828902629534,Bearish Gap x3
2025-06-11,INTRADAY_BUY,736678.4747732076,5.0,0.0001388940306112309,938.9407757731543,1041.261018398939,Volatility Dip
2025-06-12,INTRADAY_SELL,731364.2149069866,5.0,0.00013205749158171892,943.9407757731543,1040.5228994264041,Volatility Spike
2025-06-13,INTRADAY_SELL,729691.2643989437,5.0,0.0001252052785377289,948.9407757731543,1040.3019737787718,Volatility Spike
2025-06-16,GAP_SELL,733860.0,10.0,0.00011157870126140918,958.9407757731543,1040.823921480852,Bullish Gap x1
2025-06-18,INTRADAY_BUY,724662.3741958174,5.0,0.00011847846614232862,953.9407757731543,1039.797662338933,Volatility Dip
2025-06-20,INTRADAY_BUY,726995.0641565927,5.0,0.00012535609192896398,948.9407757731543,1040.0740358674711,Volatility Dip
2025-06-23,GAP_BUY,727471.0,15.0,0.00014597547057086172,933.9407757731543,1040.1336973248096,Bearish Gap x3
2025-06-24,INTRADAY_BUY,733391.7296036354,5.0,0.00015279310949174548,928.9407757731543,1040.997978614823,Volatility Dip
2025-06-25,GAP_SELL,742495.0,10.0,0.00013932500532942788,938.9407757731543,1042.3888956052278,Bullish Gap x1
2025-06-26,GAP_BUY,729200.0,5.0,0.00014618183473151235,933.9407757731543,1040.536569659373,Bearish Gap x1
2025-06-27,INTRADAY_BUY,728441.6316354804,5.0,0.0001530458026636775,928.9407757731543,1040.4257099804454,Volatility Dip
2025-06-30,GAP_BUY,730204.0,5.0,0.00015989320421173805,923.9407757731543,1040.6954330613823,Bearish Gap x1
2025-07-01,INTRADAY_SELL,729705.3059499705,5.0,0.0001530411230233044,928.9407757731543,1040.6156952718018,Volatility Spike
2025-07-02,INTRADAY_BUY,734582.5503459241,5.0,0.00015984770997210334,923.9407757731543,1041.3621142314175,Volatility Dip
2025-07-03,INTRADAY_BUY,720827.1721575233,5.0,0.00016678418544518295,918.9407757731543,1039.1633485282016,Volatility Dip
2025-07-07,GAP_BUY,726556.0,5.0,0.00017366596744134016,913.9407757731543,1040.1188264134646,Bearish Gap x1
2025-07-08,INTRADAY_SELL,718083.9165394832,5.0,0.00016670299294095658,918.9407757731543,1038.6475138430503,Volatility Spike
2025-07-09,INTRADAY_SELL,719045.7627848149,5.0,0.00015974933260557635,923.9407757731543,1038.807856490896,Volatility Spike
2025-07-10,INTRADAY_SELL,719256.3860502159,5.0,0.0001527977085435956,928.9407757731543,1038.841503416975,Volatility Spike
2025-07-14,GAP_BUY,711240.0,10.0,0.000166857660177362,918.9407757731543,1037.6166179977013,Bearish Gap x2
2025-07-15,GAP_SELL,713661.0,10.0,0.0001528454050590355,928.9407757731543,1038.0205803929907,Bullish Gap x1
2025-07-16,INTRADAY_BUY,705235.6123211974,5.0,0.0001599352342064081,923.9407757731543,1036.7327986004448,Volatility Dip
2025-07-17,GAP_BUY,705465.0,15.0,0.00018119780570180477,908.9407757731543,1036.769485772578,Bearish Gap x3
2025-07-18,INTRADAY_BUY,710518.3808490689,5.0,0.00018823492132719508,903.9407757731543,1037.685147293805,Volatility Dip
2025-07-21,GAP_BUY,707742.0,20.0,0.00021649380662720554,883.9407757731543,1037.162535463106,Bearish Gap x4
2025-07-22,GAP_SELL,714303.0,10.0,0.00020249414541900678,893.9407757731543,1038.582951328387,Bullish Gap x1
2025-07-23,GAP_SELL,721064.0,20.0,0.00017475735645159195,913.9407757731543,1039.952014245565,Bullish Gap x2
2025-07-24,GAP_BUY,722187.0,5.0,0.0001816807710242719,908.9407757731543,1040.1482667568603,Bearish Gap x1
2025-07-25,GAP_BUY,723178.0,15.0,0.00020242255243908263,893.9407757731543,1040.3283124009452,Bearish Gap x3
2025-07-28,INTRADAY_BUY,725083.9567069296,5.0,0.0002093183056187671,888.9407757731543,1040.7141210224004,Volatility Dip
2025-07-29,INTRADAY_SELL,724488.869743537,10.0,0.0001955154710720612,898.9407757731543,1040.5895584275272,Volatility Spike
2025-07-30,INTRADAY_SELL,716046.8886726757,5.0,0.00018853268812991556,903.9407757731543,1038.9390205216762,Volatility Spike
2025-07-31,INTRADAY_SELL,711630.8208747664,5.0,0.000181506573108852,908.9407757731543,1038.1064473887725,Volatility Spike
2025-08-01,INTRADAY_SELL,714344.8520946489,5.0,0.00017450715261140083,913.9407757731543,1038.5990618948038,Volatility Spike
2025-08-04,GAP_BUY,702758.0,25.0,0.00021008127627843842,888.9407757731543,1036.5770733280372,Bearish Gap x5
2025-08-05,INTRADAY_BUY,692571.1538061013,7.5,0.00022091048849552677,881.4407757731543,1034.4370076783707,Volatility Dip
2025-08-06,INTRADAY_BUY,695362.389673513,5.0,0.00022810098380308518,876.4407757731543,1035.053620957347,Volatility Dip
2025-08-07,INTRADAY_BUY,702780.0440455717,5.0,0.00023521558536635293,871.4407757731543,1036.7455952171247,Volatility Dip
2025-08-08,GAP_BUY,695837.0,25.0,0.0002711435397579705,846.4407757731543,1035.1124830477213,Bearish Gap x5
2025-08-11,INTRADAY_BUY,699049.7381297108,5.0,0.00027829610663164875,841.4407757731543,1035.9835962365264,Volatility Dip
2025-08-12,INTRADAY_SELL,699119.7989099423,5.0,0.000271144256537007,846.4407757731543,1036.0030938788925,Volatility Spike
2025-08-13,GAP_SELL,707526.0,10.0,0.0002570105003216877,856.4407757731543,1038.2823870237567,Bullish Gap x1
2025-08-14,GAP_SELL,718026.0,10.0,0.00024308342804296796,866.4407757731543,1040.9809972771345,Bullish Gap x1
2025-08-15,GAP_SELL,723080.0,20.0,0.0002154239712746989,886.4407757731543,1042.2095409224635,Bullish Gap x2
2025-08-18,INTRADAY_BUY,716717.2421795233,5.0,0.00022240022314328113,881.4407757731543,1040.8388503645174,Volatility Dip
2025-08-19,INTRADAY_BUY,720511.484779534,5.0,0.00022933973778756182,876.4407757731543,1041.6826907654195,Volatility Dip
2025-08-21,GAP_BUY,731670.0,5.0,0.00023617341963866955,871.4407757731543,1044.2417817201797,Bearish Gap x1
2025-08-22,GAP_SELL,736352.0,10.0,0.0002225929581202653,881.4407757731543,1045.347545670928,Bullish Gap x1
2025-08-25,INTRADAY_BUY,732977.140167352,5.0,0.00022941445326110752,876.4407757731543,1044.5963256375376,Volatility Dip
2025-08-26,GAP_BUY,728144.0,10.0,0.00024314800047154942,866.4407757731543,1043.4875334285102,Bearish Gap x2
2025-08-27,INTRADAY_BUY,735866.279082368,5.0,0.00024994271323680215,861.4407757731543,1045.3651901464712,Volatility Dip
2025-08-28,INTRADAY_BUY,745529.709485186,5.0,0.0002566493540807367,856.4407757731543,1047.7804941605266,Volatility Dip
2025-08-29,INTRADAY_BUY,749845.4356652929,5.0,0.00026331739493580146,851.4407757731543,1048.8881224970403,Volatility Dip
2025-09-02,INTRADAY_BUY,754927.4030445067,5.0,0.00026994054834079875,846.4407757731543,1050.2262929084836,Volatility Dip
2025-09-03,INTRADAY_SELL,753104.5477680999,10.0,0.000256662179448145,856.4407757731543,1049.7342303556245,Volatility Spike
2025-09-04,INTRADAY_BUY,752277.0276843624,5.0,0.0002633086671328625,851.4407757731543,1049.5218372473953,Volatility Dip
2025-09-05,GAP_BUY,759046.0,5.0,0.0002698958831909143,846.4407757731543,1051.304166325685,Bearish Gap x1
2025-09-08,INTRADAY_BUY,748801.4694944106,5.0,0.00027657322051421844,841.4407757731543,1048.5392097170027,Volatility Dip
2025-09-09,INTRADAY_SELL,742076.9153724577,10.0,0.000263097528449359,851.4407757731543,1046.679378126972,Volatility Spike
2025-09-11,INTRADAY_SELL,737538.4854870297,5.0,0.00025631822120182157,856.4407757731543,1045.4853284410751,Volatility Spike
2025-09-12,INTRADAY_SELL,745792.911554891,10.0,0.00024290967327240888,866.4407757731543,1047.6010882478315,Volatility Spike
2025-09-15,INTRADAY_BUY,739919.2654510471,5.0,0.00024966716727677443,861.4407757731543,1046.174322791829,Volatility Dip
2025-09-16,INTRADAY_BUY,735075.0626160151,12.5,0.0002666722333383471,848.9407757731543,1044.9648843922923,Volatility Dip
2025-09-17,INTRADAY_BUY,735861.2840289188,5.0,0.00027346699222635987,843.9407757731543,1045.1745478123698,Volatility Dip
2025-09-18,INTRADAY_SELL,737253.642594773,5.0,0.0002666850657479739,848.9407757731543,1045.5553119214746,Volatility Spike
2025-09-19,INTRADAY_BUY,736481.6696673092,5.0,0.0002734741009757735,843.9407757731543,1045.3494382705583,Volatility Dip
2025-09-22,GAP_BUY,736940.0,20.0,0.0003006133524752171,823.9407757731543,1045.4747797462408,Bearish Gap x4
2025-09-23,GAP_BUY,740330.0,10.0,0.00031412084237836843,813.9407757731543,1046.493859011132,Bearish Gap x2
2025-09-24,INTRADAY_BUY,739790.3930720577,5.0,0.00032087951354634205,808.9407757731543,1046.3243572283734,Volatility Dip
2025-09-25,INTRADAY_BUY,743352.8651920257,5.0,0.0003276057942054048,803.9407757731543,1047.467481549251,Volatility Dip
2025-09-26,INTRADAY_BUY,744013.2112580095,5.0,0.00033432610497992154,798.9407757731543,1047.683814746648,Volatility Dip
2025-09-29,INTRADAY_BUY,749587.6909073143,5.0,0.00034099643863220964,793.9407757731543,1049.5475088150902,Volatility Dip
2025-09-30,GAP_BUY,746378.0,15.0,0.00036109349401165547,778.9407757731543,1048.4530156465858,Bearish Gap x3
2025-10-01,INTRADAY_BUY,753344.9701118008,5.0,0.00036773055963015686,773.9407757731543,1050.9687432269307,Volatility Dip
2025-10-02,INTRADAY_SELL,745657.510884276,10.0,0.00035431957690144943,783.9407757731543,1048.141829543059,Volatility Spike
2025-10-03,INTRADAY_SELL,744002.6137989819,5.0,0.00034759917040385756,788.9407757731543,1047.5554671079822,Volatility Spike
2025-10-06,GAP_BUY,749404.0,5.0,0.0003542711390616176,783.9407757731543,1049.4329844704869,Bearish Gap x1
2025-10-07,INTRADAY_BUY,749700.5791152662,5.0,0.00036094046831023653,778.9407757731543,1049.538053891474,Volatility Dip
2025-10-08,INTRADAY_BUY,753544.7722497687,5.0,0.0003675757741130651,773.9407757731543,1050.9255787617165,Volatility Dip
2025-10-13,INTRADAY_SELL,736110.2591540243,5.0,0.0003607833134214477,778.9407757731543,1044.5170741142638,Volatility Spike
2025-10-14,INTRADAY_SELL,736739.1200464361,5.0,0.00035399665059338334,783.9407757731543,1044.7439566307094,Volatility Spike
2025-10-15,GAP_BUY,741175.0,15.0,0.00037423478598650915,768.9407757731543,1046.3142432767052,Bearish Gap x3
2025-10-16,GAP_BUY,742905.0,5.0,0.0003809651216283476,763.9407757731543,1046.961669456462,Bearish Gap x1
2025-10-17,INTRADAY_SELL,735728.1283725109,5.0,0.0003741691329918109,768.9407757731543,1044.2275316839846,Volatility Spike
2025-10-20,INTRADAY_BUY,736893.262071523,7.5,0.00038434699780077433,761.4407757731543,1044.6634887499633,Volatility Dip
2025-10-21,INTRADAY_BUY,740354.8341118171,5.0,0.00039110051620792885,756.4407757731543,1045.9939335713216,Volatility Dip
2025-10-22,INTRADAY_BUY,737264.8940481434,5.0,0.00039788233918683976,751.4407757731543,1044.7854564173672,Volatility Dip
2025-10-24,INTRADAY_SELL,739012.8483448372,5.0,0.0003911165569528793,756.4407757731543,1045.4809365617275,Volatility Spike
2025-10-29,GAP_BUY,716155.0,25.0,0.00042602520103132604,731.4407757731543,1036.5408536177436,Bearish Gap x5
2025-10-30,GAP_BUY,711688.0,5.0,0.00043305075155346495,726.4407757731543,1034.6377990447368,Bearish Gap x1
2025-10-31,GAP_BUY,714364.0,25.0,0.0004680469159738445,701.4407757731543,1035.7966428558939,Bearish Gap x5
2025-11-03,GAP_SELL,719552.0,10.0,0.00045414937972906996,711.4407757731543,1038.224870255966,Bullish Gap x1
2025-11-04,INTRADAY_BUY,712178.7366155823,5.0,0.0004611700891983824,706.4407757731543,1034.8763072633537,Volatility Dip
2025-11-05,INTRADAY_BUY,730651.4432814055,5.0,0.00046801329746954474,701.4407757731543,1043.395367044167,Volatility Dip
2025-11-06,GAP_BUY,732342.0,25.0,0.0005021503536536773,676.4407757731543,1044.1865700685958,Bearish Gap x5
2025-11-07,INTRADAY_BUY,740341.8469728492,5.0,0.0005089039905316199,671.4407757731543,1048.2036960551873,Volatility Dip
2025-11-10,GAP_BUY,745482.0,15.0,0.0005290252007016845,656.4407757731543,1050.8195404426474,Bearish Gap x3
2025-11-11,GAP_SELL,747090.0,10.0,0.0005156399325278366,666.4407757731543,1051.6702129653756,Bullish Gap x1
2025-11-12,GAP_BUY,744711.0,5.0,0.0005223539464204741,661.4407757731543,1050.443505565892,Bearish Gap x1
2025-11-13,INTRADAY_BUY,755852.4869432981,5.0,0.0005289689937827183,656.4407757731543,1056.263305239716,Volatility Dip
2025-11-14,INTRADAY_BUY,771666.8261634583,5.0,0.0005354484740849347,651.4407757731543,1064.6286003443427,Volatility Dip
2025-11-17,INTRADAY_BUY,765153.2764657044,5.0,0.0005419831125080953,646.4407757731543,1061.140930097804,Volatility Dip
2025-11-18,GAP_BUY,752752.0,15.0,0.0005619099941371045,631.4407757731543,1054.419647679848,Bearish Gap x3
2025-11-19,GAP_BUY,753051.0,15.0,0.0005818289637686434,616.4407757731543,1054.587658768095,Bearish Gap x3
2025-11-20,INTRADAY_SELL,751524.8732775918,10.0,0.0005685226842886477,626.4407757731543,1053.6997140386165,Volatility Spike
2025-11-21,INTRADAY_BUY,754016.3052953731,5.0,0.0005751538406242409,621.4407757731543,1055.1161496570883,Volatility Dip
2025-11-24,GAP_BUY,752297.0,20.0,0.0006017390855474561,601.4407757731543,1054.1272846132488,Bearish Gap x4
2025-11-25,INTRADAY_BUY,761648.7469657472,5.0,0.0006083037914173455,596.4407757731543,1059.754596280689,Volatility Dip
2025-11-26,INTRADAY_BUY,763542.8712336831,5.0,0.0006148522121915731,591.4407757731543,1060.9067992542898,Volatility Dip
2025-11-28,INTRADAY_BUY,766695.7489708167,5.0,0.0006213737039393907,586.4407757731543,1062.845353105736,Volatility Dip
2025-12-01,INTRADAY_BUY,769136.3320860948,5.0,0.0006278745020312436,581.4407757731543,1064.3618672758482,Volatility Dip
2025-12-04,INTRADAY_SELL,758844.5332342446,5.0,0.000621285537123386,586.4407757731543,1057.899909196737,Volatility Spike
2025-12-05,INTRADAY_SELL,756626.9711399503,5.0,0.0006146772609308695,591.4407757731543,1056.522169939879,Volatility Spike
2025-12-08,GAP_BUY,753256.0,15.0,0.0006345908095783412,576.4407757731543,1054.4501106328973,Bearish Gap x3
2025-12-09,INTRADAY_BUY,745028.2061188866,7.5,0.0006446575425401309,568.9407757731543,1049.228828252838,Volatility Dip
2025-12-10,GAP_BUY,735352.0,5.0,0.000651457007286266,563.9407757731543,1042.9909889951246,Bearish Gap x1
2025-12-11,INTRADAY_SELL,737540.4914228907,5.0,0.0006446777184768424,568.9407757731543,1044.4166970679526,Volatility Spike
2025-12-12,GAP_SELL,745696.0,10.0,0.0006312674279563087,578.9407757731543,1049.6743717304619,Bullish Gap x1
2025-12-15,INTRADAY_BUY,748891.3804564961,5.0,0.0006379439636068488,573.9407757731543,1051.691511332576,Volatility Dip
2025-12-16,INTRADAY_BUY,759631.7443829612,5.0,0.0006445261003289804,568.9407757731543,1058.5432616664052,Volatility Dip
2025-12-17,GAP_BUY,748251.0,5.0,0.0006512083500018844,563.9407757731543,1051.2080748704143,Bearish Gap x1
2025-12-18,INTRADAY_SELL,752427.544415025,5.0,0.0006445631918904981,568.9407757731543,1053.9278754676325,Volatility Spike
2025-12-22,INTRADAY_SELL,745778.8700038643,5.0,0.0006378587916974837,573.9407757731543,1049.642384667334,Volatility Spike
2025-12-23,INTRADAY_SELL,749087.6612065221,5.0,0.0006311840054756058,578.9407757731543,1051.7529262258404,Volatility Spike
2025-12-24,GAP_BUY,749009.0,10.0,0.0006445349798964739,568.9407757731543,1051.7032765304323,Bearish Gap x2
2025-12-26,GAP_BUY,748946.0,15.0,0.0006645631261179638,553.9407757731543,1051.6626708266988,Bearish Gap x3
2025-12-29,GAP_BUY,746251.0,5.0,0.0006712632846437145,548.9407757731543,1049.8716732018108,Bearish Gap x1
2025-12-30,INTRADAY_SELL,751319.2648518431,5.0,0.0006646083241842806,553.9407757731543,1053.2738133137034,Volatility Spike
2025-12-31,GAP_BUY,753383.0,10.0,0.000677881785358743,543.9407757731543,1054.6453888720803,Bearish Gap x2
2026-01-02,GAP_BUY,750000.0,25.0,0.0007112151186920763,518.9407757731543,1052.3521147922115,Bearish Gap x5
2026-01-05,GAP_BUY,741397.0,15.0,0.000731447194084882,503.9407757731543,1046.2335311261036,Bearish Gap x3
2026-01-06,INTRADAY_SELL,745566.2408026023,5.0,0.0007247408818535,508.9407757731543,1049.2831106126314,Volatility Spike
2026-01-08,INTRADAY_SELL,742183.2299730887,5.0,0.0007180040009889441,513.9407757731543,1046.8313043607295,Volatility Spike
2026-01-09,INTRADAY_SELL,749217.0440695543,5.0,0.0007113303674409922,518.9407757731543,1051.8816110242044,Volatility Spike
2026-01-12,GAP_BUY,745349.0,15.0,0.0007314551680377596,503.9407757731543,1049.1301538149305,Bearish Gap x3
2026-01-13,GAP_BUY,745678.0,10.0,0.0007448657822707127,493.9407757731543,1049.370802565215,Bearish Gap x2
2026-01-14,GAP_BUY,740891.0,5.0,0.0007516144133109062,488.9407757731543,1045.805130065485,Bearish Gap x1
2026-01-15,INTRADAY_SELL,740652.7009111742,5.0,0.0007448636109525959,493.9407757731543,1045.6260210356445,Volatility Spike
2026-01-16,INTRADAY_SELL,738303.7500179869,5.0,0.000738091330573581,498.9407757731543,1043.8763729913949,Volatility Spike
2026-01-21,INTRADAY_SELL,727254.0523278741,5.0,0.0007312161540324597,503.9407757731543,1035.7206869208635,Volatility Spike
2026-01-22,INTRADAY_BUY,723294.728561427,5.0,0.000738128965370024,498.9407757731543,1032.8255654237928,Volatility Dip
2026-01-23,GAP_BUY,722500.0,25.0,0.0007727310414945915,473.9407757731543,1032.2389532529967,Bearish Gap x5
2026-01-26,GAP_BUY,714562.0,25.0,0.0008077175087290653,448.9407757731543,1026.1050142456127,Bearish Gap x5
2026-01-27,INTRADAY_SELL,723768.7387694515,5.0,0.0008008092247259443,453.9407757731543,1033.5414583479933,Volatility Spike
2026-01-28,INTRADAY_SELL,710186.5470548733,5.0,0.000793768821016898,458.9407757731543,1022.6647139309629,Volatility Spike
2026-01-29,INTRADAY_SELL,710815.4079472851,5.0,0.0007867346459777846,463.9407757731543,1023.1638841001162,Volatility Spike
2026-01-30,INTRADAY_SELL,713673.8665491568,5.0,0.0007797286447293759,468.9407757731543,1025.4127325163017,Volatility Spike
2026-02-02,GAP_BUY,720152.0,15.0,0.0008005575808428631,453.9407757731543,1030.463918732304,Bearish Gap x3
2026-02-03,GAP_BUY,725640.0,25.0,0.0008350099263585458,428.9407757731543,1034.8573787359696,Bearish Gap x5
2026-02-05,GAP_BUY,756600.0,5.0,0.0008416184381216967,423.9407757731543,1060.7092860560301,Bearish Gap x1
2026-02-06,GAP_BUY,752812.0,25.0,0.0008748272605102877,398.9407757731543,1057.521235412425,Bearish Gap x5
2026-02-09,GAP_BUY,758946.0,20.0,0.0009011795965131127,378.9407757731543,1062.887425828395,Bearish Gap x4
2026-02-10,INTRADAY_BUY,747160.0949310042,5.0,0.000907871602729614,373.9407757731543,1052.2662086537757,Volatility Dip
2026-02-12,GAP_SELL,752000.0,10.0,0.0008945737303891885,383.9407757731543,1056.660221025824,Bullish Gap x1
2026-02-13,INTRADAY_SELL,750020.4213818698,10.0,0.0008812407600927591,393.9407757731543,1054.8893419968047,Volatility Spike
2026-02-17,INTRADAY_SELL,750168.8606355811,10.0,0.0008679104280505473,403.9407757731543,1055.0201527175727,Volatility Spike
2026-02-18,GAP_BUY,753404.0,10.0,0.0008811835192473023,393.9407757731543,1057.8279639081488,Bearish Gap x2
2026-02-19,GAP_BUY,744051.0,25.0,0.000914783366569596,368.9407757731543,1049.586254452629,Bearish Gap x5
2026-02-20,GAP_BUY,742847.0,20.0,0.0009417068111012425,348.9407757731543,1048.4848552792791,Bearish Gap x4
2026-02-23,INTRADAY_SELL,746268.3183539392,10.0,0.0009283068050256031,358.9407757731543,1051.7067340761291,Volatility Spike
2026-02-24,INTRADAY_SELL,740079.0032549389,5.0,0.000921550769550999,363.9407757731543,1045.9611507512795,Volatility Spike
2026-02-25,INTRADAY_SELL,742196.268556185,5.0,0.0009148140070370529,368.9407757731543,1047.9123182189865,Volatility Spike
2026-02-26,INTRADAY_SELL,744202.2044171477,5.0,0.0009080954029126322,373.9407757731543,1049.7473764418132,Volatility Spike
2026-02-27,INTRADAY_BUY,754253.070828865,5.0,0.0009147244776799453,368.9407757731543,1058.8745220255828,Volatility Dip
2026-03-02,GAP_BUY,739339.0,25.0,0.0009485384655799478,343.9407757731543,1045.2322563765674,Bearish Gap x5
2026-03-03,GAP_BUY,710000.0,25.0,0.0009837497331855816,318.9407757731543,1017.4030863349172,Bearish Gap x5
2026-03-04,GAP_SELL,727185.0,20.0,0.0009562464155978976,338.9407757731543,1034.3088254997115,Bullish Gap x2
2026-03-05,GAP_SELL,739239.0,30.0,0.0009156641411237424,368.9407757731543,1045.8354197933286,Bullish Gap x3
2026-03-06,GAP_BUY,747000.0,25.0,0.0009491313432656433,343.9407757731543,1052.9418891925898,Bearish Gap x5
2026-03-09,GAP_BUY,741003.0,25.0,0.0009828693983072558,318.9407757731543,1047.249948527026,Bearish Gap x5
2026-03-10,GAP_BUY,739750.0,25.0,0.0010166645993887023,293.9407757731543,1046.0184131709468,Bearish Gap x5
2026-03-12,INTRADAY_SELL,737181.4289037783,5.0,0.0010098820085583347,298.9407757731543,1043.407037866405,Volatility Spike
2026-03-13,GAP_SELL,740000.0,10.0,0.0009963684950448212,308.9407757731543,1046.2534621063219,Bullish Gap x1
2026-03-16,GAP_SELL,741214.0,20.0,0.0009693857343306414,328.9407757731543,1047.4630534593064,Bullish Gap x2
2026-03-17,GAP_SELL,743649.0,20.0,0.0009424913258126444,348.9407757731543,1049.8235077224015,Bullish Gap x2
2026-03-18,GAP_BUY,737000.0,5.0,0.0009492755863282482,343.9407757731543,1043.5568828970731,Bearish Gap x1
2026-03-19,INTRADAY_BUY,725821.2265960312,12.5,0.0009664974579709704,331.4407757731543,1032.9451462195902,Volatility Dip
2026-03-20,INTRADAY_BUY,722979.0411834377,5.0,0.0009734132877740246,326.4407757731543,1030.1981812432364,Volatility Dip
2026-03-23,GAP_SELL,725000.0,20.0,0.0009458270808774728,346.4407757731543,1032.1654094093221,Bullish Gap x2
2026-03-24,INTRADAY_SELL,718571.3589536973,5.0,0.000938868829706315,351.4407757731543,1026.0850266144885,Volatility Spike
2026-03-25,GAP_SELL,721499.0,10.0,0.0009250087966362761,361.4407757731543,1028.833697537431,Bullish Gap x1
2026-03-26,INTRADAY_SELL,716139.16172228,5.0,0.0009180269134112682,366.4407757731543,1023.875799981992,Volatility Spike
2026-03-27,GAP_BUY,709500.0,20.0,0.0009462157788094359,346.4407757731543,1017.7808708384491,Bearish Gap x4
2026-03-30,INTRADAY_SELL,706590.9070240977,5.0,0.000939139548489606,351.4407757731543,1015.0282411626266,Volatility Spike
2026-03-31,GAP_SELL,715361.0,10.0,0.0009251605924100882,361.4407757731543,1023.2645823202274,Bullish Gap x1
2026-04-01,GAP_BUY,717152.0,5.0,0.0009321326150775283,356.4407757731543,1024.921544941234,Bearish Gap x1
2026-04-02,GAP_BUY,715200.0,5.0,0.000939123666531667,351.4407757731543,1023.1020220766026,Bearish Gap x1
2026-04-06,GAP_BUY,713080.0,20.0,0.0009671710104481981,331.4407757731543,1021.1110799035555,Bearish Gap x4
2026-04-07,INTRADAY_SELL,715116.134433189,5.0,0.0009601791391153509,336.4407757731543,1023.0803701007113,Volatility Spike
2026-04-08,GAP_SELL,722000.0,20.0,0.0009324783080904202,356.4407757731543,1029.6901142144377,Bullish Gap x2
2026-04-09,INTRADAY_BUY,719287.6966844805,5.0,0.0009394296295478109,351.4407757731543,1027.160950207754,Volatility Dip
2026-04-10,GAP_BUY,726499.0,5.0,0.0009463119514780545,346.4407757731543,1033.9354622100095,Bearish Gap x1
2026-04-13,INTRADAY_BUY,718987.9934775287,5.0,0.0009532661705267155,341.4407757731543,1026.8277069701653,Volatility Dip
2026-04-17,INTRADAY_SELL,715116.134433189,5.0,0.0009462742991938682,346.4407757731543,1023.1367947261483,Volatility Spike
2026-04-20,INTRADAY_BUY,710796.1058208443,5.0,0.0009533086652505392,341.4407757731543,1019.0488626785044,Volatility Dip
2026-04-21,INTRADAY_BUY,706705.1570459513,5.0,0.0009603837515862611,336.4407757731543,1015.1489257623028,Volatility Dip
2026-04-22,INTRADAY_BUY,704052.7836644273,5.0,0.0009674854918478025,331.4407757731543,1012.6016294635473,Volatility Dip
2026-04-23,INTRADAY_SELL,706590.9070240977,5.0,0.0009604092615279726,336.4407757731543,1015.0572269905484,Volatility Spike
2026-04-24,INTRADAY_SELL,704083.4871978944,5.0,0.0009533078309577161,341.4407757731543,1012.6490777669238,Volatility Spike
2026-04-27,INTRADAY_SELL,707343.1329719587,5.0,0.0009462391258739584,346.4407757731543,1015.7565236094877,Volatility Spike
2026-04-28,GAP_SELL,715000.0,30.0,0.0009042810839159164,376.4407757731543,1023.0017507730345,Bullish Gap x3
2026-04-29,GAP_BUY,714402.0,20.0,0.0009322765262579031,356.4407757731543,1022.4609906848528,Bearish Gap x4
2026-04-30,GAP_BUY,710000.0,20.0,0.0009604455403424102,336.4407757731543,1018.3571094162655,Bearish Gap x4
2026-05-01,INTRADAY_BUY,714292.6432352827,5.0,0.0009674454724393632,331.4407757731543,1022.4799594678739,Volatility Dip
2026-05-06,INTRADAY_SELL,703982.1874369158,5.0,0.0009603430200062921,336.4407757731543,1012.5051556869577,Volatility Spike
2026-05-07,GAP_SELL,710000.0,10.0,0.0009462585129640386,346.4407757731543,1018.2843199776217,Bullish Gap x1
2026-05-08,GAP_BUY,715000.0,5.0,0.0009532515199570456,341.4407757731543,1023.015612542442,Bearish Gap x1
2026-05-11,GAP_BUY,716000.0,5.0,0.0009602347601805093,336.4407757731543,1023.968864062399,Bearish Gap x1
2026-05-12,INTRADAY_BUY,721244.7586258763,5.0,0.0009671672195713075,331.4407757731543,1029.0050636037217,Volatility Dip
2026-05-13,GAP_BUY,723255.0,25.0,0.0010017331748706142,306.4407757731543,1030.9493031642005,Bearish Gap x5
2026-05-14,INTRADAY_BUY,728178.8918240526,5.0,0.0010085996194436988,301.4407757731543,1035.881728953828,Volatility Dip
2026-05-15,GAP_SELL,729900.0,10.0,0.0009948991125249427,311.4407757731543,1037.6176380051102,Bullish Gap x1
2026-05-18,GAP_BUY,722500.0,5.0,0.0010018195277498563,306.4407757731543,1030.2553845724256,Bearish Gap x1
2026-05-19,GAP_BUY,728580.0,5.0,0.0010086821921106678,301.4407757731543,1036.3464473011445,Bearish Gap x1
2026-05-20,INTRADAY_BUY,720286.7073743201,5.0,0.00101562387234551,296.4407757731543,1027.9811507156587,Volatility Dip
2026-05-21,INTRADAY_SELL,719880.2321029754,10.0,0.001001732672734726,306.4407757731543,1027.5683247265627,Volatility Spike
2026-05-22,GAP_SELL,722070.0,10.0,0.0009878835999301502,316.4407757731543,1029.7618867747178,Bullish Gap x1
2026-05-26,INTRADAY_SELL,730148.6177752432,10.0,0.0009741877580747347,326.4407757731543,1037.7426207849849,Volatility Spike
2026-05-27,INTRADAY_SELL,724077.6528920397,10.0,0.0009603770846475698,336.4407757731543,1031.8283611160664,Volatility Spike
2026-05-28,GAP_BUY,718090.0,5.0,0.0009673400001595529,331.4407757731543,1026.0779564877275,Bearish Gap x1
2026-05-29,GAP_BUY,714000.0,10.0,0.0009813456024004494,321.4407757731543,1022.1215358870752,Bearish Gap x2
2026-06-01,INTRADAY_BUY,710196.6994069406,12.5,0.0009989463600644012,308.9407757731543,1018.3891835754692,Volatility Dip
2026-06-02,GAP_SELL,707598.0,10.0,0.0009848140419967978,318.9407757731543,1015.7932222620045,Bullish Gap x1
2026-06-03,INTRADAY_SELL,707696.1776834881,5.0,0.000977748863241182,323.9407757731543,1015.8899090233143,Volatility Spike
2026-06-04,GAP_SELL,721500.0,30.0,0.0009361688216611404,353.9407757731543,1029.386580601667,Bullish Gap x3
2026-06-05,INTRADAY_SELL,720381.716068216,5.0,0.0009292280569408897,358.9407757731543,1028.3396780509663,Volatility Spike
