Date,Open,High,Low,Close,Adj Close,Volume
2024-06-07,112.57393736298725,113.41672620768921,112.30879128483681,112.61181640625,112.61181640625,594800
2024-06-10,112.56447955348706,112.93379121587125,112.15728884564176,112.89591217041016,112.89591217041016,772600
2024-06-11,112.40349584829023,112.45084646299254,111.54177101328602,112.22357940673828,112.22357940673828,661600
2024-06-12,113.43566785780988,113.5019543764804,111.93947817960262,112.19515991210938,112.19515991210938,810600
2024-06-13,112.6686439239134,112.6686439239134,111.8069119043901,112.4981918334961,112.4981918334961,630900
2024-06-14,111.99629919913447,112.2425093781164,111.37131302133612,112.13834381103516,112.13834381103516,636000
2024-06-17,112.10994550056459,113.09477907233081,111.83532782168548,113.05690002441406,113.05690002441406,733000
2024-06-18,113.15159519955674,113.69135899473358,113.09478023944015,113.45462036132812,113.45462036132812,782600
2024-06-20,113.34098028832263,114.01331708000527,113.20840724346628,113.84286499023438,113.84286499023438,897000
2024-06-21,113.89443956197981,113.91353814860597,113.33094017206221,113.54105377197266,113.54105377197266,855200
2024-06-24,113.75117885576557,114.82088191519159,113.70342874406049,114.35289001464844,114.35289001464844,1322300
2024-06-25,114.2382665569008,114.2382665569008,113.10170761190432,113.45509338378906,113.45509338378906,1511400
2024-06-26,113.20677922182203,113.20677922182203,112.70058285454276,112.99665832519531,112.99665832519531,705200
2024-06-27,113.0539686613019,113.08262018597716,112.39495444674645,112.99665832519531,112.99665832519531,706900
2024-06-28,113.25453727661571,113.92309714543038,112.87249994296901,113.27363586425781,113.27363586425781,991600
2024-07-01,113.69388150926099,114.19052495908721,112.85340517618724,113.02531433105469,113.02531433105469,844800
2024-07-02,113.02530776173693,113.38824649893455,112.78653534484623,113.369140625,113.369140625,607900
2024-07-03,113.5410550494567,113.88488790664151,113.3786915576627,113.53150939941406,113.53150939941406,600200
2024-07-05,113.71297174805062,113.71297174805062,112.84384395298228,113.24497985839844,113.24497985839844,777600
2024-07-08,113.38825171878732,113.95175115094735,113.25453974211354,113.46466064453125,113.46466064453125,739300
2024-07-09,113.41689247311413,114.00905066125839,113.16856713140777,113.49330139160156,113.49330139160156,807700
2024-07-10,113.69387699350307,114.61076221682696,113.54105914623774,114.55345916748047,114.55345916748047,791400
2024-07-11,114.82087255086927,115.58493985663996,114.69670623969945,115.49898529052734,115.49898529052734,669400
2024-07-12,115.79506523346922,116.69285182156008,115.61360315792845,116.0242919921875,116.0242919921875,814300
2024-07-15,116.32992358812956,117.07489235759569,116.23440879265475,116.55914306640625,116.55914306640625,638200
2024-07-16,116.75971500376356,118.28785705566406,116.62600302964452,118.28785705566406,118.28785705566406,915000
2024-07-17,117.83895666941525,119.15698503065205,117.83895666941525,118.70809173583984,118.70809173583984,964100
2024-07-18,118.33562342963643,119.42442517961281,117.58110164030953,117.78166961669922,117.78166961669922,1048900
2024-07-19,117.9535786895426,117.9535786895426,116.80747395705923,116.93163299560547,116.93163299560547,624000
2024-07-22,117.17040725726322,117.4378312132474,116.47318855479905,117.4091796875,117.4091796875,687000
2024-07-23,117.07489577838815,117.23725927663006,116.70241138277152,116.74061584472656,116.74061584472656,718100
2024-07-24,116.6642011045873,116.9793824349362,116.05294431729256,116.15800476074219,116.15800476074219,836000
2024-07-25,116.14845328925948,117.7434512610166,116.03383990766247,116.56869506835938,116.56869506835938,1018200
2024-07-26,117.29456631064735,118.33561789570743,117.13220280689,117.9726791381836,117.9726791381836,962200
2024-07-29,118.106381911659,118.12548049724052,117.33275439063473,117.7720947265625,117.7720947265625,1241200
2024-07-30,117.85807524712546,118.2592111886743,117.55244682212304,117.95358276367188,117.95358276367188,707100
2024-07-31,118.66989844615138,119.45307172993942,118.29741403598123,118.74630737304688,118.74630737304688,912300
2024-08-01,118.69854775128928,119.09968367985122,116.65465635899045,117.14175415039062,117.14175415039062,858400
2024-08-02,116.13890374826038,116.58779706419593,114.13321687558046,115.19336700439453,115.19336700439453,1166200
2024-08-05,112.74834456649165,113.49331338357037,112.06067880095551,112.6050796508789,112.6050796508789,2093700
2024-08-06,112.80564694855454,114.74447790630572,112.5668745195358,113.38825225830078,113.38825225830078,1095100
2024-08-07,114.48660597816507,115.11696139664555,112.76744158820708,112.90115356445312,112.90115356445312,809600
2024-08-08,113.43599312874987,114.97368802927241,113.32138703568353,114.88773345947266,114.88773345947266,652300
2024-08-09,114.72537891784415,115.27932541329999,114.0759176217091,114.9450454711914,114.9450454711914,762700
2024-08-12,115.13606445835649,115.19336750770297,114.20007336074642,114.55345916748047,114.55345916748047,652100
2024-08-13,114.96414882670352,115.77597360739294,114.46749810637762,115.74732208251953,115.74732208251953,666900
2024-08-14,115.75686550503904,116.57824320712949,115.71866833044704,116.26306915283203,116.26306915283203,545400
2024-08-15,117.5524370923341,117.8962699528474,117.11309672317952,117.76255798339844,117.76255798339844,532300
2024-08-16,117.47604572407344,118.21146166592915,117.47604572407344,118.16371154785156,118.16371154785156,594500
2024-08-19,118.17324766323843,118.9564208984375,118.17324766323843,118.9564208984375,118.9564208984375,618000
2024-08-20,118.77495652074089,118.82271392078343,118.22100274197469,118.34516906738281,118.34516906738281,584500
2024-08-21,118.77495875335192,118.9659737836002,118.37382281777674,118.88957214355469,118.88957214355469,570800
2024-08-22,119.20474334269807,119.32890966744851,118.36426702839704,118.6316909790039,118.6316909790039,716000
2024-08-23,119.18564398652681,120.1980367320855,119.01372754985117,120.12162780761719,120.12162780761719,763900
2024-08-26,120.38907230184564,120.88571579207336,120.10254244691168,120.28401184082031,120.28401184082031,857000
2024-08-27,120.14073762192852,120.2840025383157,119.85420778915416,120.22669219970703,120.22669219970703,632200
2024-08-28,120.05476507134155,120.57051435237486,119.46261415689108,120.04521942138672,120.04521942138672,608900
2024-08-29,120.4559065824916,121.05761042527871,119.65362750535317,120.48455810546875,120.48455810546875,707600
2024-08-30,120.72333543565269,121.77393261260634,120.32219952410315,121.64022064208984,121.64022064208984,859400
2024-09-03,120.95256109330454,121.24863657360537,119.79690341095395,120.16938781738281,120.16938781738281,964600
2024-09-04,120.07388492838047,120.76155071650936,119.71094615866993,120.05477905273438,120.05477905273438,837100
2024-09-05,120.28400297027466,120.3604046107667,118.78451238511744,119.2333984375,119.2333984375,898000
2024-09-06,119.0137305633736,119.45307096005665,117.38052801697911,117.55244445800781,117.55244445800781,853100
2024-09-09,118.1063864877401,119.23338524959784,117.92491712728578,118.86090087890625,118.86090087890625,631300
2024-09-10,119.10923395193502,119.10923395193502,117.74345540850685,118.65079498291016,118.65079498291016,610600
2024-09-11,118.40247242450137,118.75585095340855,116.29172504141796,118.62213897705078,118.62213897705078,872900
2024-09-12,118.8036081774152,119.36711489416416,118.12549535924734,119.26205444335938,119.26205444335938,691900
2024-09-13,119.634542017515,120.41771530724644,119.634542017515,120.36040496826172,120.36040496826172,662000
2024-09-16,120.69468785105332,121.28683880073862,120.52277141381265,121.2486343383789,121.2486343383789,658900
2024-09-17,121.45876139985789,121.90765474691278,120.95256499973436,121.33460235595703,121.33460235595703,781800
2024-09-18,121.43009708438663,122.62395914262291,120.95255226109212,121.02896118164062,121.02896118164062,806700
2024-09-19,122.49024562574257,122.66215476466873,121.65931502048795,122.3183364868164,122.3183364868164,759300
2024-09-20,121.91548005610844,122.17507603056234,121.46358397511553,122.10777282714844,122.10777282714844,818700
2024-09-23,122.4154454932937,122.71350148864437,122.13661584082091,122.65581512451172,122.65581512451172,939600
2024-09-24,122.83848215530473,123.07884441925364,122.54041886385187,122.80963897705078,122.80963897705078,1234500
2024-09-25,122.84810904574516,123.00194913220491,121.75202410396619,121.95393371582031,121.95393371582031,783900
2024-09-26,122.22315016841563,122.68465574283067,122.22315016841563,122.49236297607422,122.49236297607422,605100
2024-09-27,122.8481028504628,123.49229901065206,122.70388694605349,122.83849334716797,122.83849334716797,648100
2024-09-30,122.76157767137197,123.33846331601066,122.17507518759791,123.26154327392578,123.26154327392578,874800
2024-10-01,123.06924486766353,123.30961448654568,122.33851917232217,122.99232482910156,122.99232482910156,842900
2024-10-02,123.02117108500346,123.39614711299348,122.5500486741568,123.09809112548828,123.09809112548828,677000
2024-10-03,122.74235937098383,122.93465215329658,122.18470003257765,122.675048828125,122.675048828125,667600
2024-10-04,123.35769349831938,123.80958956338762,122.8000342122565,123.7230453491211,123.7230453491211,638700
2024-10-07,123.57883161964833,123.68459484250525,122.56928358623985,122.9250259399414,122.9250259399414,623800
2024-10-08,123.03079579389866,123.22309590741166,122.51159649066246,123.05963897705078,123.05963897705078,820400
2024-10-09,122.96348844801744,124.26149033015548,122.75196199802461,124.16533660888672,124.16533660888672,480600
2024-10-10,124.06918183811689,124.12688287298889,123.56922357054302,123.8095932006836,123.8095932006836,575700
2024-10-11,124.02111025900139,125.22295831870991,124.00187658216694,125.09796142578125,125.09796142578125,584700
2024-10-14,125.18450433895022,125.94408060959249,124.87683883171418,125.91523742675781,125.91523742675781,557200
2024-10-15,125.69408722571396,126.3094329132831,125.20373844485366,125.3287353515625,125.3287353515625,676200
2024-10-16,125.7133138892517,126.38634590512848,125.48255376766639,126.25173950195312,126.25173950195312,645000
2024-10-17,126.6459405925621,126.77093748379221,126.26135508708015,126.40557098388672,126.40557098388672,557900
2024-10-18,126.40558619322384,126.50173991666203,125.91523741408525,126.36711883544922,126.36711883544922,808700
2024-10-21,126.33826162879633,126.42480583868345,125.00180717894594,125.13641357421875,125.13641357421875,941600
2024-10-22,124.73261722598708,125.29027658593385,124.34803164650629,125.15567016601562,125.15567016601562,898400
2024-10-23,124.74223325177118,125.18450517217896,124.0980443791783,124.7229995727539,124.7229995727539,777000
2024-10-24,124.82876427303957,124.82876427303957,123.94420575079334,124.49224090576172,124.49224090576172,691300
2024-10-25,124.95374921078877,125.03065457840016,123.41537778061024,123.48267364501953,123.48267364501953,716000
2024-10-28,123.69419828782144,124.43454081155984,123.64613610151133,124.31916809082031,124.31916809082031,520600
2024-10-29,123.8865071102746,124.17493891536711,123.49229741531855,123.61729431152344,123.61729431152344,728700
2024-10-30,123.36730452980629,124.15572394535005,123.23269812605464,123.54998779296875,123.54998779296875,918000
2024-10-31,123.49229874139888,123.65574832303885,122.8384930793403,122.85771942138672,122.85771942138672,879600
2024-11-01,123.45383697025964,123.79996982674066,122.49236577897783,122.61735534667969,122.61735534667969,700400
2024-11-04,122.67504346995278,123.00194998820523,122.05969779082959,122.38660430908203,122.38660430908203,1149400
2024-11-05,122.45391350818561,123.67499542236328,122.30007341312407,123.67499542236328,123.67499542236328,558700
2024-11-06,127.00169582167739,127.50166876639699,126.26136791485969,127.26129913330078,127.26129913330078,1197100
2024-11-07,127.434346878016,127.44397105192154,126.45364942544093,126.70362854003906,126.70362854003906,987500
2024-11-08,126.8478471432057,127.73242024356009,126.68439756429157,127.3958969116211,127.3958969116211,1065300
2024-11-11,127.76125383339571,128.30928888967532,127.59780426675107,127.68433380126953,127.68433380126953,1012800
2024-11-12,127.79970209273303,127.80931159479285,126.42479507740678,126.67477416992188,126.67477416992188,876700
2024-11-13,126.87669063546785,127.17474657922612,126.44401363737182,126.77092742919922,126.77092742919922,685500
2024-11-14,126.91516355633918,126.96324041612826,125.99213772978132,126.07868194580078,126.07868194580078,712400
2024-11-15,125.84791304922923,126.24212273262455,125.3287211442915,125.66522979736328,125.66522979736328,851000
2024-11-18,125.90562544017796,126.52097118521732,125.6460220985364,126.29983520507812,126.29983520507812,773800
2024-11-19,125.56910551349664,126.08829747945448,125.05952305155705,125.7421646118164,125.7421646118164,885200
2024-11-20,125.88637240386832,125.88637240386832,125.0306571295084,125.81907653808594,125.81907653808594,779500
2024-11-21,126.1459719699869,127.61703285121114,125.838306489383,127.3958969116211,127.3958969116211,1206300
2024-11-22,127.57859502492225,128.58815046730982,127.57859502492225,128.47276306152344,128.47276306152344,1572300
2024-11-25,129.20349067308175,129.78036899347,128.9150441773885,129.241943359375,129.241943359375,849900
2024-11-26,129.16500812051075,129.36692504504148,128.56889619160478,129.2803955078125,129.2803955078125,708400
2024-11-27,129.49191584944586,129.84767286663492,129.0208007792997,129.10733032226562,129.10733032226562,658200
2024-11-29,129.33809513310945,129.86691125541398,129.2611750906835,129.54962158203125,129.54962158203125,458600
2024-12-02,129.56883024243115,129.6457502787145,128.45352639381477,128.8573455810547,128.8573455810547,1040100
2024-12-03,128.98231638048796,129.16499961660824,128.23236443188557,128.2804412841797,128.2804412841797,868200
2024-12-04,128.34777106569453,128.34777106569453,127.23245247753695,127.74203491210938,127.74203491210938,949600
2024-12-05,127.85739539738407,128.3285251018453,127.79009953731607,127.80931854248047,127.80931854248047,834900
2024-12-06,127.93431290243264,128.17468250120348,127.48241688306378,127.68433380126953,127.68433380126953,882100
2024-12-09,127.92472880001544,128.02086785601497,126.73249007182966,126.82864379882812,126.82864379882812,1066500
2024-12-10,126.81901290030648,126.81901290030648,125.79023849675761,126.16521453857422,126.16521453857422,1140900
2024-12-11,126.74211923787254,126.77096242290806,126.04022927934304,126.09791564941406,126.09791564941406,1072600
2024-12-12,126.17482397242502,126.2517440157035,125.56910247197898,125.65563201904297,125.65563201904297,1506400
2024-12-13,126.65556235515926,126.86708880494834,126.2613673087324,126.79016876220703,126.79016876220703,1413000
2024-12-16,126.92476806761147,127.48242734303545,126.61710258485869,126.751708984375,126.751708984375,1199500
2024-12-17,125.97290544083353,126.19404136735069,125.35755984500591,125.80945587158203,125.80945587158203,1364500
2024-12-18,125.80946580480807,125.81907530811232,122.17507096465805,122.2712173461914,122.2712173461914,1804500
2024-12-19,123.06925361840658,123.54038338647392,121.75202537249238,121.80010223388672,121.80010223388672,2366100
2024-12-20,121.60051128314934,124.0904584711747,121.48424648280366,123.16036224365234,123.16036224365234,2032000
2024-12-23,123.02472182610865,123.848243822225,122.46278638715954,123.79010772705078,123.79010772705078,2564200
2024-12-24,124.1195284016913,124.98180538236934,123.81918689365119,124.97212219238281,124.97212219238281,1516500
2024-12-26,124.61363557852921,125.45654616830728,124.42955148669841,125.32090759277344,125.32090759277344,1329900
2024-12-27,124.84615929911585,125.35964922395696,124.02262991139204,124.63301086425781,124.63301086425781,1454600
2024-12-30,123.65447511044927,123.85793297398413,122.56936650492999,123.35413360595703,123.35413360595703,1890100
2024-12-31,123.70293074386146,124.06140837564463,123.17005958739301,123.61573028564453,123.61573028564453,1370900
2025-01-02,124.4392511936276,124.81710257241407,122.98597438544944,123.5672836303711,123.5672836303711,1654800
2025-01-03,124.07108905631837,124.57489584710521,123.51884413794522,124.41987609863281,124.41987609863281,1192500
2025-01-06,124.78803325319608,125.29183999936194,123.87731079095241,124.1098403930664,124.1098403930664,1634800
2025-01-07,124.64270325553193,124.82678735227181,123.44133720690762,123.78043365478516,123.78043365478516,1119700
2025-01-08,123.60603659651774,124.03233348548501,122.88908139384587,123.97419738769531,123.97419738769531,1097700
2025-01-10,123.33475900785382,123.62540992877791,121.94930151537989,122.18182373046875,122.18182373046875,1829200
2025-01-13,121.88148350072304,123.29600536088557,121.83303798418916,123.23786926269531,123.23786926269531,1924600
2025-01-14,123.67385189487356,124.28422546386719,123.22818124885077,124.28422546386719,124.28422546386719,993000
2025-01-15,126.00878862846596,126.17349156357255,125.41778878673217,125.84408569335938,125.84408569335938,1038600
2025-01-16,125.89253632818796,126.80325888690643,125.7181354122539,126.64823913574219,126.64823913574219,1152700
2025-01-17,127.29734677616284,127.78177233125646,126.97762413578168,127.58800506591797,127.58800506591797,1402600
2025-01-21,128.13056261704642,128.96377518457268,127.93679534672533,128.799072265625,128.799072265625,2503000
2025-01-22,128.81846891669082,128.87659762642696,127.88836521042185,127.8980484008789,127.8980484008789,1920200
2025-01-23,128.02398047720683,128.85719299316406,128.01429728851338,128.85719299316406,128.85719299316406,1142900
2025-01-24,128.85720027705725,129.28349713957363,128.7700072234048,128.9153289794922,128.9153289794922,979100
2025-01-27,127.88836342590623,128.61500185446252,127.60740307160302,128.5859375,128.5859375,1414400
2025-01-28,128.56654233831853,128.56654233831853,127.37485958460843,127.73332977294922,127.73332977294922,1068200
2025-01-29,127.82054072196553,128.84753548443064,127.51051600354933,127.77210998535156,127.77210998535156,1007900
2025-01-30,128.6537491284003,129.21568461932043,128.13057596567972,128.8668975830078,128.8668975830078,994800
2025-01-31,128.97347372788508,129.4094686173807,128.0336868322783,128.23715209960938,128.23715209960938,1343200
2025-02-03,126.64822745000586,128.19839525162115,126.19286621266247,127.80116271972656,127.80116271972656,2331200
2025-02-04,127.50081983098485,128.16931471986322,127.16171600823131,128.03367614746094,128.03367614746094,2123000
2025-02-05,128.64406365000238,129.2835090024516,127.88836088201565,129.16725158691406,129.16725158691406,2063700
2025-02-06,129.7194849611196,129.82605918313214,128.46967343342317,129.13816833496094,129.13816833496094,2913900
2025-02-07,129.3803796099491,129.39976077285866,128.14994925986466,128.19839477539062,128.19839477539062,833100
2025-02-10,128.8475195867444,128.99284134565022,128.14024760408188,128.8959503173828,128.8959503173828,1038000
2025-02-11,128.6440522888803,129.6710321247551,128.33402761366102,129.6419677734375,129.6419677734375,843300
2025-02-12,128.49872577368373,129.186601774053,128.38245358922416,129.0025177001953,129.0025177001953,902100
2025-02-13,129.26411324410378,129.88417736278947,128.91532625337467,129.77760314941406,129.77760314941406,2527800
2025-02-14,129.9810923778693,130.32987943297437,129.50634992457424,129.60324096679688,129.60324096679688,1590000
2025-02-18,129.47727322008558,130.31048583984375,129.16724852483622,130.31048583984375,130.31048583984375,2414600
2025-02-19,130.01981480549895,130.89178966654936,129.9326217544423,130.85302734375,130.85302734375,2445600
2025-02-20,130.41706234045952,130.56238410897444,129.5741665160804,130.40737915039062,130.40737915039062,1868400
2025-02-21,130.38799880054734,130.45581069844545,129.02191503399575,129.16725158691406,129.16725158691406,1118700
2025-02-24,129.41912839076258,129.7097866700024,128.76999994444037,128.85719299316406,128.85719299316406,987200
2025-02-25,129.08003782544088,129.58384457550574,128.3921617703771,129.04129028320312,129.04129028320312,1049400
2025-02-26,129.19631643451186,129.57416781994917,128.36310379181725,128.77001953125,128.77001953125,866400
2025-02-27,128.84752602843733,129.63229313275363,128.0143134075653,128.062744140625,128.062744140625,961800
2025-02-28,128.39215541914191,129.9520063240979,127.76239331683962,129.87449645996094,129.87449645996094,1152900
2025-03-03,130.1845232121265,130.57207253900071,127.75271216790851,128.56654357910156,128.56654357910156,1500100
2025-03-04,128.0433921940406,128.05307538504482,125.75690251973639,125.94098663330078,125.94098663330078,1648500
2025-03-05,125.94096780891537,127.14233378777138,125.13681957082875,126.69667053222656,126.69667053222656,1384000
2025-03-06,125.47591513944081,126.1444248410556,124.7299103503456,125.52436065673828,125.52436065673828,1052400
2025-03-07,125.51467865829488,127.43299993681754,125.3402777510675,127.14234161376953,127.14234161376953,1042100
2025-03-10,126.01847075620465,127.15202477892818,124.46830306948314,125.45653533935547,125.45653533935547,1429100
2025-03-11,125.46622819470075,125.5437380633579,123.42195160729283,123.9257583618164,123.9257583618164,1300900
2025-03-12,124.33267206143529,124.49737498584066,122.6178013561037,123.26693725585938,123.26693725585938,1198900
2025-03-13,123.21849820031838,123.81918861650483,122.09462723940464,122.43373107910156,122.43373107910156,1083100
2025-03-14,123.00534222996552,124.52643825355877,122.64686464019279,124.28422546386719,124.28422546386719,2300300
2025-03-17,124.04201463695755,126.18318223645,124.04201463695755,125.78594970703125,125.78594970703125,1032600
2025-03-18,125.55341933901046,125.74718661595135,124.71052355339498,125.11743927001953,125.11743927001953,751600
2025-03-19,125.28214893222949,126.63854951075379,124.96242625550941,126.1347427368164,126.1347427368164,770300
2025-03-20,125.38872216485736,126.3769545411213,125.28214794012794,125.7471923828125,125.7471923828125,859300
2025-03-21,124.97675627146643,125.38636936775033,124.33310299601355,125.22056579589844,125.22056579589844,2385800
2025-03-24,126.08852810355573,126.77120668211947,125.94224834012209,126.52739715576172,126.52739715576172,1074900
2025-03-25,126.73218443005155,126.77120228624925,125.59115767197738,125.98124694824219,125.98124694824219,1484800
2025-03-26,126.20556198576992,126.93699053696965,125.79596378281232,126.1080322265625,126.1080322265625,1131600
2025-03-27,125.96174428590949,126.32257758582274,125.33759255800362,125.67891693115234,125.67891693115234,707800
2025-03-28,125.61066438935157,125.81545604745308,124.08928796488595,124.39161682128906,124.39161682128906,1045100
2025-03-31,123.6406816379324,126.2153095540289,123.6406816379324,125.76670837402344,125.76670837402344,1231400
2025-04-01,125.34734969540638,125.96175444998288,124.38186607596973,125.4936294555664,125.4936294555664,865500
2025-04-02,124.76220226608899,126.38109353709993,124.72319185178472,126.22505187988281,126.22505187988281,846400
2025-04-03,123.23108221113289,123.81622356072002,120.93927425163902,121.03679656982422,121.03679656982422,2107500
2025-04-04,118.41341306038478,118.78400831513704,113.82979678293788,114.13211822509766,114.13211822509766,3536200
2025-04-07,111.1966472401748,116.90179619822867,109.27543439253814,113.31291961669922,113.31291961669922,4019600
2025-04-08,116.89203940371783,117.06758255955084,110.39695007837237,111.93782806396484,111.93782806396484,2816700
2025-04-09,110.61149785734979,120.0810584310255,110.14338775996521,119.64220428466797,119.64220428466797,4595000
2025-04-10,117.75024737616847,118.12084262005618,113.20564165037369,116.21912384033203,116.21912384033203,1775900
2025-04-11,116.03382868776336,118.61820361743818,115.17561442540251,118.02330780029297,118.02330780029297,1397700
2025-04-14,119.25210514743581,119.81774499068996,118.15008885183434,119.27161407470703,119.27161407470703,2951700
2025-04-15,119.52517506597229,120.26635807994901,118.81325544399445,118.9205322265625,118.9205322265625,3201400
2025-04-16,118.54019387762759,119.32037989233116,116.70674149009794,117.47718048095703,117.47718048095703,2986300
2025-04-17,117.23336576509675,118.80349962977418,117.23336576509675,117.84776306152344,117.84776306152344,1159600
2025-04-21,117.1065907623894,117.3308913547554,114.50270686715994,115.76075744628906,115.76075744628906,2204100
2025-04-22,116.550709900961,118.34514447181694,116.34591078844872,118.06232452392578,118.06232452392578,1367500
2025-04-23,119.73973129362737,120.92952295185569,118.41340689827216,118.84251403808594,118.84251403808594,1093000
2025-04-24,118.88152534067866,120.4906696864996,118.34514141191295,120.36388397216797,120.36388397216797,782300
2025-04-25,120.12983306476016,120.29562176102677,119.11558451743127,120.24686431884766,120.24686431884766,756800
2025-04-28,120.39313622801619,121.07580733825515,119.65196065526665,120.69546508789062,120.69546508789062,988300
2025-04-29,120.21759355585823,121.51466197403339,120.110324213449,121.23184204101562,121.23184204101562,1021000
2025-04-30,120.50041437165235,121.59268369608742,118.89127749753757,121.31961822509766,121.31961822509766,1148600
2025-05-01,121.07581581487477,121.8657563224015,120.48091995794245,120.89051818847656,120.89051818847656,1109400
2025-05-02,122.37288011605227,123.06529827450204,121.84625064896169,122.78247833251953,122.78247833251953,864400
2025-05-05,122.20708055790848,122.8604957216403,121.82673830464161,122.21683502197266,122.21683502197266,935500
2025-05-06,121.47565888937507,122.28510832164025,120.98803982518783,121.46591186523438,121.46591186523438,1254900
2025-05-07,121.77798350054915,122.626435880593,121.4268971914013,122.1388168334961,122.1388168334961,939700
2025-05-08,122.61668686875683,123.88449190636756,122.25584610118416,122.75321960449219,122.75321960449219,1259500
2025-05-09,123.12380783123929,123.19207419934845,122.38262480571397,122.62643432617188,122.62643432617188,1196200
2025-05-12,125.33760374605163,125.71794600668002,124.71344452195574,125.58141326904297,125.58141326904297,1268900
2025-05-13,125.31809707114702,125.79596910194647,125.02552266210557,125.18156433105469,125.18156433105469,930900
2025-05-14,125.07429151476859,125.09380044424476,124.24534058346777,124.40137481689453,124.40137481689453,998500
2025-05-15,124.24532521754342,125.96174621582031,124.17705885377265,125.96174621582031,125.96174621582031,879200
2025-05-16,125.87398597347367,126.75169429201212,125.56190264540089,126.73218536376953,126.73218536376953,855800
2025-05-19,125.86423077089492,127.13204331703282,125.79597183983942,126.98576354980469,126.98576354980469,1008900
2025-05-20,126.58591221818418,127.22957295525012,126.42012352184044,126.87848663330078,126.87848663330078,725900
2025-05-21,126.03977236050999,126.2445640199865,124.51839592582965,124.58666229248047,124.58666229248047,884500
2025-05-22,124.28434651893724,124.76221110719531,123.50415305851581,124.08929443359375,124.08929443359375,847200
2025-05-23,123.01652761773424,124.25508411380041,122.87999488532196,123.94300079345703,123.94300079345703,786100
2025-05-27,124.93775776498886,125.883739944105,124.50865060568427,125.87399291992188,125.87399291992188,886100
2025-05-28,125.9617603310652,126.08853116880535,124.78171564718733,124.99626922607422,124.99626922607422,785400
2025-05-29,125.46437848474362,125.65943801397088,124.47939333833827,125.5716552734375,125.5716552734375,856900
2025-05-30,125.34734619591525,126.16654259184517,124.83047121651053,125.8252182006836,125.8252182006836,694900
2025-06-02,125.69843082758472,126.24456175097555,124.75244873494289,126.20555877685547,126.20555877685547,930200
2025-06-03,126.1080326166962,127.24905937438348,125.84471417078315,127.2002944946289,127.2002944946289,873800
2025-06-04,127.43435574816932,127.66841824014121,126.68341827392578,126.68341827392578,126.68341827392578,695800
2025-06-05,127.00525531282237,127.00525531282237,126.11779993935218,126.381103515625,126.381103515625,886600
2025-06-06,127.02475488143205,127.6781625833997,126.84921917685189,127.21005249023438,127.21005249023438,807200
2025-06-09,127.31733633860821,127.73668157679926,126.8979762194648,127.22956848144531,127.22956848144531,788800
2025-06-10,127.35634675286994,128.17554322947248,127.35634675286994,127.89273071289062,127.89273071289062,757900
2025-06-11,128.0877749235481,128.3608404148032,127.56115287068566,128.01951599121094,128.01951599121094,766900
2025-06-12,127.72691463212031,128.624131754296,127.42459325063123,128.5851287841797,128.5851287841797,728100
2025-06-13,127.95123977825126,128.4486207487438,127.08327843712159,127.30757904052734,127.30757904052734,731500
2025-06-16,127.97074404761905,128.52662202380952,127.70742559523809,128.0,128.0,963000
2025-06-17,127.63916839214264,127.84396006157775,126.81021004760312,126.84922790527344,126.84922790527344,755500
2025-06-18,127.1223051888565,127.78546002130204,126.85898670846598,127.05403137207031,127.05403137207031,1158600
2025-06-20,127.59593212819097,127.71373538036121,126.98726201855442,127.2523193359375,127.2523193359375,784500
2025-06-23,127.4192289366333,128.27334756679159,126.75165711359152,128.23406982421875,128.23406982421875,1283400
2025-06-24,128.70529903683857,129.45141128485358,128.60711967101668,129.21578979492188,129.21578979492188,1545100
2025-06-25,129.1568857282779,129.1568857282779,128.4402243075303,128.59730529785156,128.59730529785156,992000
2025-06-26,128.91146036910962,129.80484170491698,128.85255873906846,129.76556396484375,129.76556396484375,936700
2025-06-27,129.9226453636406,130.60985601634383,129.5103189720187,130.099365234375,130.099365234375,1105700
2025-06-30,130.34479407272877,131.02219275647224,130.21716389171388,130.8749237060547,130.8749237060547,1050100
2025-07-01,130.75712605718775,132.5831515081684,130.72767524185488,132.1020965576172,132.1020965576172,1278500
2025-07-02,132.25915759450095,132.63222117249367,131.82719239473394,132.54385375976562,132.54385375976562,916400
2025-07-03,132.8482142147113,133.47652319646883,132.7205840374571,133.32925415039062,133.32925415039062,860000
2025-07-07,133.11327354496964,133.28016648232594,131.69957456963624,132.26898193359375,132.26898193359375,1458600
2025-07-08,132.21989333690223,132.6911363192629,131.96464795650797,132.24935913085938,132.24935913085938,1686300
2025-07-09,132.60278833235574,132.74023046181122,131.84684913031617,132.48497009277344,132.48497009277344,819600
2025-07-10,132.51441793420827,133.4863397435934,132.30826223468517,133.23109436035156,133.23109436035156,868200
2025-07-11,132.60279049548464,132.71076683175454,132.06283391379102,132.43588256835938,132.43588256835938,896100
2025-07-14,132.27881034167132,132.64204703410468,131.9744602971246,132.5733184814453,132.5733184814453,870100
2025-07-15,132.5733117946564,132.78929440630893,130.9829079998217,131.03199768066406,131.03199768066406,1037100
2025-07-16,131.3461620817054,131.72903767491195,130.30552662222445,131.6603240966797,131.6603240966797,1153400
2025-07-17,131.20872535305196,132.62242451856437,131.20872535305196,132.5537109375,132.5537109375,1220800
2025-07-18,132.88748088365583,132.88748088365583,132.00392650145136,132.22972106933594,132.22972106933594,1119800
2025-07-21,132.52424771023811,133.07401622755228,132.12173326718005,132.15118408203125,132.15118408203125,1151800
2025-07-22,132.0628246416459,133.16236161802786,132.0628246416459,132.98565673828125,132.98565673828125,1088100
2025-07-23,133.2507218597447,134.1637420654297,133.10346778466743,134.1637420654297,134.1637420654297,839600
2025-07-24,133.92811571210996,134.1342863898158,133.4961504674448,133.59432983398438,133.59432983398438,964600
2025-07-25,133.71212541730264,134.17354144943974,133.35870069013527,134.10482788085938,134.10482788085938,677800
2025-07-28,134.0950067503148,134.10483367487035,133.31944369389134,133.6335906982422,133.6335906982422,920100
2025-07-29,133.79066467285156,134.04591003675273,133.50596849696439,133.79066467285156,133.79066467285156,946900
2025-07-30,133.83978063682042,134.17356655825682,132.65187605985318,133.2114715576172,133.2114715576172,892100
2025-07-31,132.642041737752,133.309613468008,131.43451347269038,131.67994689941406,131.67994689941406,1169600
2025-08-01,130.9240162350419,131.11054804825065,129.59866965281967,130.472412109375,130.472412109375,1199000
2025-08-04,130.92400789509838,132.01373291015625,130.92400789509838,132.01373291015625,132.01373291015625,989200
2025-08-05,132.08245540470392,132.3671665880928,131.2479906845799,131.81739807128906,131.81739807128906,988900
2025-08-06,131.9351910670707,132.43586986019625,131.67011877420777,132.04318237304688,132.04318237304688,577100
2025-08-07,132.7892902565167,133.05436254072785,131.64066366502428,132.141357421875,132.141357421875,722300
2025-08-08,132.43587837624816,133.22126838111743,132.43587837624816,132.8678436279297,132.8678436279297,780700
2025-08-11,133.14273900306816,133.44707409760764,132.3573639126706,132.62242126464844,132.62242126464844,898900
2025-08-12,133.09365718131997,134.13429260253906,132.9562000697707,134.13429260253906,134.13429260253906,815400
2025-08-13,134.4582701348474,135.1454808105664,134.30118912894898,135.0669403076172,135.0669403076172,1200500
2025-08-14,134.41898554256127,134.97858098002814,134.13428934144076,134.88040161132812,134.88040161132812,779800
2025-08-15,135.23382895899508,135.27309171918668,134.3698984340924,134.4877166748047,134.4877166748047,811300
2025-08-18,134.3698826466354,134.71349542323216,134.21281664425433,134.4975128173828,134.4975128173828,926500
2025-08-19,134.45827002680826,135.3025617077473,134.36990259851814,134.733154296875,134.733154296875,1002500
2025-08-20,134.98839899602496,135.29273408058674,134.54662177714272,135.08657836914062,135.08657836914062,971900
2025-08-21,134.67422404628905,134.9785740816773,134.22263492551264,134.69386291503906,134.69386291503906,786800
2025-08-22,135.3908901981618,137.09909714843735,135.31234970917367,136.61805725097656,136.61805725097656,1059900
2025-08-25,136.4511726515764,136.5886147706716,135.70504545071606,135.75413513183594,135.75413513183594,993300
2025-08-26,135.63634588778342,136.19592636614667,135.53816651540507,136.1173858642578,136.1173858642578,1576500
2025-08-27,135.9701121361887,136.7358631938572,135.87193277799864,136.5591583251953,136.5591583251953,1071300
2025-08-28,136.84386247688207,136.85367442124658,136.22536544035967,136.7162322998047,136.7162322998047,1088700
2025-08-29,136.65734944278313,136.93223372342112,136.11739282721933,136.63771057128906,136.63771057128906,1427500
2025-09-02,135.80325163350855,136.1763153076172,135.08659008383657,136.1763153076172,136.1763153076172,3194800
2025-09-03,135.90140528060888,136.12721484447403,135.01785083614206,135.73451232910156,135.73451232910156,1038100
2025-09-04,136.06829808660677,136.7456817626953,135.685422539223,136.7456817626953,136.7456817626953,939600
2025-09-05,138.20847434745846,138.41464502353446,136.49044030707444,137.00094604492188,137.00094604492188,1437200
2025-09-08,137.20711241246178,137.20711241246178,136.4217373455424,137.09912109375,137.09912109375,1559800
2025-09-09,137.12855773378394,137.40345695487042,136.87331236142862,137.07948303222656,137.07948303222656,1499500
2025-09-10,137.4427145080325,138.29681801171094,137.2267319011145,138.20846557617188,138.20846557617188,1146500
2025-09-11,138.40483017632823,139.57309582254484,138.3361165983522,139.43565368652344,139.43565368652344,1126100
2025-09-12,139.33745742230218,139.54362809137783,138.75823813214168,138.79751586914062,138.79751586914062,990100
2025-09-15,138.87606771721474,139.07241147805945,138.3557350298766,138.54226684570312,138.54226684570312,1235700
2025-09-16,138.73862113181858,138.92513796158744,138.0219447066477,138.30665588378906,138.30665588378906,896600
2025-09-17,138.5226413391908,139.48473624215092,137.84524263912297,138.58154296875,138.58154296875,1083300
2025-09-18,138.68954883085084,139.21967853256027,138.30667321848568,138.9349822998047,138.9349822998047,1136500
2025-09-19,139.09494696710456,139.12457405261915,138.18634784862493,138.71966552734375,138.71966552734375,1148900
2025-09-22,138.22587097624003,138.65053594674677,138.0876062102926,138.3641357421875,138.3641357421875,1325400
2025-09-23,138.49250739283158,139.54925703110206,138.40362613439623,138.81842041015625,138.81842041015625,1820900
2025-09-24,138.98630499746,139.24309315694688,138.66039199715345,138.77891540527344,138.77891540527344,974100
2025-09-25,138.4530132573041,138.55176519046225,137.70242020271206,138.09747314453125,138.09747314453125,1080100
2025-09-26,138.56164187814016,139.3122198139561,138.53201479315587,139.0356903076172,139.0356903076172,949800
2025-09-29,139.47025253416595,139.49000894903475,138.36413441717878,138.76904296875,138.76904296875,1054700
2025-09-30,138.65052374853911,139.32210617386312,138.14684823184206,139.20358276367188,139.20358276367188,1164000
2025-10-01,138.92706185900477,139.49000665052114,138.74929933730206,139.3319854736328,139.3319854736328,1278600
2025-10-02,139.50974738706932,139.66776856326868,138.78879649153686,139.16409301757812,139.16409301757812,1112400
2025-10-03,139.499871909179,140.45785453600968,139.499871909179,139.79615783691406,139.79615783691406,1079400
2025-10-06,139.96405749005334,140.17144710223096,139.35174425636626,139.50975036621094,139.50975036621094,1130500
2025-10-07,139.70727650396813,139.78627201957502,138.82830446299064,139.30235290527344,139.30235290527344,1161500
2025-10-08,139.54924616720527,139.77639216654399,138.96656009207555,139.49986267089844,139.49986267089844,1248000
2025-10-09,139.8850426572675,139.8850426572675,138.33450320520186,138.58140563964844,138.58140563964844,1644300
2025-10-10,138.96656926741517,139.20358595377348,135.71732487445604,135.76670837402344,135.76670837402344,2055200
2025-10-13,137.36663101285387,138.1468511231748,136.99134957028963,137.82093811035156,137.82093811035156,1675600
2025-10-14,136.94196255296916,139.29246335609682,136.55679537856852,138.78878784179688,138.78878784179688,2139800
2025-10-15,139.50974738706932,140.30972394043027,138.19622461565368,139.16409301757812,139.16409301757812,1662800
2025-10-16,139.5393737108935,139.60851362625098,137.32713753511416,137.76168823242188,137.76168823242188,2795100
2025-10-17,137.82093391006916,138.58139758348054,137.45550808091605,138.37399291992188,138.37399291992188,2267500
2025-10-20,139.02582576158983,139.58875547082346,138.90730234670232,139.48011779785156,139.48011779785156,1443400
2025-10-21,139.49987417830314,139.78627436894442,138.98631289985727,139.23321533203125,139.23321533203125,1524200
2025-10-22,139.25295952448326,139.39122427157665,138.2357227987833,138.83816528320312,138.83816528320312,2000500
2025-10-23,139.18383612659085,139.39124080669765,138.64066281482962,139.17396545410156,139.17396545410156,1380200
2025-10-24,140.1220836034377,140.38872739991194,139.7961705602395,139.86529541015625,139.86529541015625,1435100
2025-10-27,140.38871963342444,140.72451840069795,140.0924487648431,140.6455078125,140.6455078125,1554500
2025-10-28,140.56648970759977,140.70475446212038,139.93442010554446,140.1121826171875,140.1121826171875,1656100
2025-10-29,139.93441218381648,140.39858991980012,138.93691680363892,139.6578826904297,139.6578826904297,2643700
2025-10-30,139.0357032217778,140.10232358946868,138.97644904630542,139.10484313964844,139.10484313964844,3149800
2025-10-31,138.64064636874505,139.21346176948254,138.06783096800757,138.83816528320312,138.83816528320312,2164500
2025-11-03,138.81842088511544,138.82830662701662,137.1098602760783,137.9987030029297,137.9987030029297,1732500
2025-11-04,137.2974957518608,137.9888194827912,137.02096625948863,137.43576049804688,137.43576049804688,1647700
2025-11-05,137.25799825442607,138.70978578635857,137.25799825442607,138.17648315429688,138.17648315429688,1333400
2025-11-06,138.09745606152077,138.5616337921578,137.5838948355491,137.84068298339844,137.84068298339844,1821500
2025-11-07,137.7616786007129,138.53201293945312,137.01108560521286,138.53201293945312,138.53201293945312,1770000
2025-11-10,139.0159339387656,139.5196245231156,138.17647474772875,139.2825927734375,139.2825927734375,1561200
2025-11-11,139.49987743459465,140.73438962428133,139.4504939330614,140.31959533691406,140.31959533691406,1152900
2025-11-12,140.64550045924292,141.52447248611347,140.6356147176545,141.09979248046875,141.09979248046875,1307100
2025-11-13,140.9911478131103,141.15903964477172,139.30234375539837,139.49986267089844,139.49986267089844,2011700
2025-11-14,138.83818293380415,139.79616561392845,138.24561104536858,139.26284790039062,139.26284790039062,1751300
2025-11-17,139.07520469067316,139.6183779679504,137.4357689777947,137.81105041503906,137.81105041503906,1762000
2025-11-18,137.52464476091737,138.70977333557585,137.198731765684,137.7814178466797,137.7814178466797,2563100
2025-11-19,137.71231081062348,138.482645237228,137.34690001254242,137.95921325683594,137.95921325683594,1484200
2025-11-20,139.2035785358705,139.9936692776617,136.63580246220843,136.7147979736328,136.7147979736328,2707300
2025-11-21,137.2975153749946,139.2035950105366,136.91234816487457,138.3641357421875,138.3641357421875,2422200
2025-11-24,138.75916515991258,139.84554187588864,138.44312281718197,139.47024536132812,139.47024536132812,1328200
2025-11-25,139.96406076208936,141.53435671277492,139.62827704994203,141.3368377685547,141.3368377685547,1164400
2025-11-26,141.40595301082737,143.04538876896137,141.38621166655716,142.60096740722656,142.60096740722656,1171300
2025-11-28,142.70959919870376,143.63795471191406,142.6602157006064,143.63795471191406,143.63795471191406,625200
2025-12-01,142.80837516446707,143.2626672081494,142.10716561478938,142.2059326171875,142.2059326171875,1392700
2025-12-02,142.36393238863673,142.36393238863673,141.33682493015172,141.76148986816406,141.76148986816406,1137400
2025-12-03,141.96890039746268,143.40093150926526,141.95902972514605,143.27255249023438,143.27255249023438,1146900
2025-12-04,143.2330469034033,143.57871635843532,142.89726319091648,143.3120574951172,143.3120574951172,1740300
2025-12-05,143.38117022252968,144.16139033116173,143.29228896551436,143.4108123779297,143.4108123779297,1109000
2025-12-08,143.77622052695367,143.77622052695367,142.84786500688477,142.9861297607422,142.9861297607422,1446900
2025-12-09,143.07501707905243,143.89473496513182,142.867627474342,142.93675231933594,142.93675231933594,1795800
2025-12-10,143.0157739809934,145.24778179319352,142.887379883554,144.9712371826172,144.9712371826172,1805500
2025-12-11,144.76383248215873,146.04772811362332,144.76383248215873,145.95883178710938,145.95883178710938,1724200
2025-12-12,145.46502112535188,145.55391744831593,143.77621703494847,144.2008819580078,144.2008819580078,2153500
2025-12-15,144.76383709626913,144.911972528967,143.6083355120397,144.09225463867188,144.09225463867188,2043800
2025-12-16,143.9046287569811,144.09226195801995,142.2849493083865,142.65036010742188,142.65036010742188,1705800
2025-12-17,142.97626446884198,143.23303757288815,141.83063356821398,142.27505493164062,142.27505493164062,1353300
2025-12-18,142.79848684750328,143.03551860714748,141.6824981031171,142.0281524658203,142.0281524658203,1563000
2025-12-19,142.06493652139721,142.89008811326391,141.9953534650153,142.492431640625,142.492431640625,1532800
2025-12-22,142.92985268990208,143.53628862777038,142.84036709574832,143.40704345703125,143.40704345703125,2189000
2025-12-23,143.25793284002924,143.80470668437837,143.15851113944484,143.55616760253906,143.55616760253906,1847500
2025-12-24,143.6456495868821,144.4310263911012,143.55616399075885,144.21231079101562,144.21231079101562,724600
2025-12-26,144.20236688953383,144.36143553001452,143.77487181444448,144.24212646484375,144.24212646484375,1216500
2025-12-29,144.06319539455146,144.30178320183745,143.68541114018657,143.8544158935547,143.8544158935547,1416500
2025-12-30,143.93394344247105,144.11289945913146,143.60587005327767,143.70529174804688,143.70529174804688,1269700
2025-12-31,143.69534872107377,143.69534872107377,142.65149671421202,142.6813201904297,142.6813201904297,1443900
2026-01-02,143.16844526477757,144.14272937426236,142.47253887916096,143.9140625,143.9140625,1955600
2026-01-05,144.46085082291341,145.2561789039786,144.22226301732886,144.96788024902344,144.96788024902344,2322700
2026-01-06,144.9281053334554,146.18073682018462,144.83863490646505,145.90237426757812,145.90237426757812,1958200
2026-01-07,145.98191277057515,145.98191277057515,144.14273265033194,144.25209045410156,144.25209045410156,1476300
2026-01-08,144.0631965022567,145.70354836844677,144.00354954997655,145.48483276367188,145.48483276367188,1573300
2026-01-09,145.81289603061816,146.68775838887748,145.72342560841997,146.39944458007812,146.39944458007812,1366400
2026-01-12,145.96203665283036,146.87665863728236,145.74332105115474,146.77723693847656,146.77723693847656,2123100
2026-01-13,147.05559720111447,147.29420017275916,146.39945040630744,146.72752380371094,146.72752380371094,1330400
2026-01-14,146.32986479507412,147.23455064758298,146.22050699785194,147.20472717285156,147.20472717285156,1442600
2026-01-15,147.61232129097326,148.3082276581598,147.34391001552913,147.8409881591797,147.8409881591797,1964900
2026-01-16,147.90063924662894,148.17900180129044,147.59245321608384,148.0000457763672,148.0000457763672,1497300
2026-01-20,146.54858865538606,147.02577944762498,145.47489799563215,145.7135009765625,145.7135009765625,2156200
2026-01-21,146.26027295282688,147.85092913277018,146.21057727252116,147.4134979248047,147.4134979248047,2115300
2026-01-22,147.78133513898118,148.3480115390536,147.43338951877396,147.57257080078125,147.57257080078125,1413200
2026-01-23,147.3041408617704,147.39361129031536,146.28016106054233,146.8269500732422,146.8269500732422,1967500
2026-01-26,147.1649556205396,147.79127894273358,147.14506824708008,147.54273986816406,147.54273986816406,1306500
2026-01-27,147.19477553489853,147.82109884194017,146.93630036466303,147.73162841796875,147.73162841796875,1105600
2026-01-28,147.9304637592448,148.35794369632026,147.30414042205624,147.82110595703125,147.82110595703125,1362000
2026-01-29,148.67607405078857,149.62051947869,147.7515008262722,148.60647583007812,148.60647583007812,1789700
2026-01-30,148.18892946479681,149.22286046862385,147.5427339646204,149.08367919921875,149.08367919921875,1785500
2026-02-02,148.69597066234508,150.30649907461085,148.6164363350006,150.14743041992188,150.14743041992188,1644500
2026-02-03,150.15735900403837,151.51936343338878,149.59069780831095,151.05210876464844,151.05210876464844,2166500
2026-02-04,151.39012623063041,152.28486086871663,151.03222934147152,151.8971405029297,151.8971405029297,2125000
2026-02-05,151.56907657522487,152.25503168156501,150.79362070311356,151.10182189941406,151.10182189941406,2244900
2026-02-06,152.31468993526966,154.77024198439935,152.31468993526966,154.5614776611328,154.5614776611328,1634100
2026-02-09,154.14393999241685,155.12814503773788,154.02463091902828,154.8299102783203,154.8299102783203,1573500
2026-02-10,154.98895654816602,155.43633900571777,154.65094705680673,154.74041748046875,154.74041748046875,1351400
2026-02-11,155.52581752532612,155.91353788433193,154.88955808568525,155.58546447753906,155.58546447753906,1388800
2026-02-12,155.72463838895212,156.37083390018464,153.53749761675638,153.68661499023438,153.68661499023438,2209400
2026-02-13,153.16967553606523,155.1480369563885,152.97083213113333,154.46206665039062,154.46206665039062,1672200
2026-02-17,154.6310575021812,155.11819952905816,153.2889556573244,154.2234649658203,154.2234649658203,1838800
2026-02-18,154.48194011596004,155.20766993582973,154.15386673090705,154.6907196044922,154.6907196044922,1286500
2026-02-19,154.5117759102092,154.84978542371684,153.7363351817519,154.29306030273438,154.29306030273438,1281100
2026-02-20,153.9451127057555,155.05856293339104,153.48779412247853,154.6509552001953,154.6509552001953,1532600
2026-02-23,154.27316263157329,155.34685322307118,152.97082034556647,153.3983154296875,153.3983154296875,1639400
2026-02-24,153.10006355690987,153.89539159632443,152.80181364592684,153.75621032714844,153.75621032714844,1366800
2026-02-25,154.21352438367924,154.41236778451062,153.20943195581617,154.12405395507812,154.12405395507812,1071800
2026-02-26,154.18369633364455,154.6807744817339,153.11995698493638,154.02462768554688,154.02462768554688,1495600
2026-02-27,153.12989249157226,154.27316615988502,152.67258909209562,154.14393615722656,154.14393615722656,1373700
2026-03-02,153.34860547301065,154.5515412408195,153.01059598010008,154.15386962890625,154.15386962890625,2054800
2026-03-03,152.07609131608274,152.93106634587969,150.28660693166802,152.38427734375,152.38427734375,2676600
2026-03-04,152.56322656708645,153.03046605394857,151.5690703055691,152.70240783691406,152.70240783691406,2083200
2026-03-05,152.0263744326482,152.51351646423203,150.1374835943972,151.1813507080078,151.1813507080078,2288700
2026-03-06,149.53105744965166,150.30649817458982,148.45736679136303,149.859130859375,149.859130859375,1887200
2026-03-09,148.64625627037836,150.78368627696264,147.57256563123892,150.33631896972656,150.33631896972656,2177500
2026-03-10,150.24684374482072,151.41994087609928,149.61058433115994,149.8292999267578,149.8292999267578,1476700
2026-03-11,149.56087571034786,149.83923825986844,148.69596458645336,149.4117431640625,149.4117431640625,1261600
2026-03-12,148.1988925035065,149.10356324166372,147.80122086675763,147.87081909179688,147.87081909179688,2001100
2026-03-13,148.6760721412433,149.26262069560835,147.41348943994612,147.56260681152344,147.56260681152344,1857900
2026-03-16,148.82520222119504,149.15327563630044,148.22871751433047,148.507080078125,148.507080078125,2494800
2026-03-17,149.57081587750594,149.71994842784466,148.6064830298778,148.6959686279297,148.6959686279297,1400200
2026-03-18,148.13922949233276,148.517013752573,146.58834804236804,146.6479949951172,146.6479949951172,2028900
2026-03-19,145.9520885970076,147.50297004697234,145.74332426238558,146.6479949951172,146.6479949951172,1838400
2026-03-20,146.64999389648438,147.1199951171875,144.72000122070312,145.1699981689453,145.1699981689453,2972500
2026-03-23,147.00999450683594,148.08999633789062,146.3800048828125,146.67999267578125,146.67999267578125,3453300
2026-03-24,145.77999877929688,148.11000061035156,145.60000610351562,147.36000061035156,147.36000061035156,2513600
2026-03-25,148.30999755859375,148.74000549316406,147.41000366210938,148.08999633789062,148.08999633789062,1806200
2026-03-26,147.38999938964844,148.5,147.11000061035156,147.22000122070312,147.22000122070312,1437400
2026-03-27,146.91000366210938,147.2100067138672,145.3800048828125,145.6999969482422,145.6999969482422,1650100
2026-03-30,146.82000732421875,147.07000732421875,144.9499969482422,145.47999572753906,145.47999572753906,1808500
2026-03-31,146.89999389648438,148.39999389648438,146.25,148.10000610351562,148.10000610351562,2273500
2026-04-01,148.47000122070312,148.69000244140625,147.72999572753906,147.9499969482422,147.9499969482422,2067000
2026-04-02,146.97000122070312,148.66000366210938,146.8000030517578,148.11000061035156,148.11000061035156,1170200
2026-04-06,147.9499969482422,148.7100067138672,147.72999572753906,148.69000244140625,148.69000244140625,1164800
2026-04-07,148.8699951171875,149.25999450683594,148.3300018310547,149.08999633789062,149.08999633789062,1122800
2026-04-08,150.97000122070312,152.11000061035156,150.7899932861328,152.08999633789062,152.08999633789062,1185100
2026-04-09,151.60000610351562,153.08999633789062,151.5500030517578,152.6699981689453,152.6699981689453,937500
2026-04-10,152.94000244140625,153.00999450683594,151.86000061035156,152.05999755859375,152.05999755859375,755700
2026-04-13,151.61000061035156,153.1999969482422,151.47999572753906,153.19000244140625,153.19000244140625,1049200
2026-04-14,152.80999755859375,153.35000610351562,152.24000549316406,153.1199951171875,153.1199951171875,965800
2026-04-15,153.44000244140625,153.5500030517578,152.5800018310547,153.0500030517578,153.0500030517578,1056300
2026-04-16,153.00999450683594,153.92999267578125,153.0,153.8300018310547,153.8300018310547,1055500
2026-04-17,154.0,155.60000610351562,153.9499969482422,155.11000061035156,155.11000061035156,1254200
2026-04-20,155.02000427246094,155.52000427246094,154.8300018310547,155.0800018310547,155.0800018310547,1105800
2026-04-21,155.4600067138672,155.60000610351562,154.10000610351562,154.35000610351562,154.35000610351562,972600
2026-04-22,155.13999938964844,155.4499969482422,154.47000122070312,154.82000732421875,154.82000732421875,976300
2026-04-23,155.0500030517578,156.17999267578125,154.74000549316406,155.8300018310547,155.8300018310547,1044500
2026-04-24,155.9199981689453,156.0,154.55999755859375,154.9499969482422,154.9499969482422,880700
2026-04-27,154.8000030517578,155.69000244140625,154.44000244140625,154.60000610351562,154.60000610351562,1058800
2026-04-28,154.8000030517578,155.14999389648438,154.07000732421875,154.2899932861328,154.2899932861328,1019300
2026-04-29,154.35000610351562,154.6999969482422,153.85000610351562,154.5,154.5,830400
2026-04-30,154.7100067138672,157.35000610351562,154.5399932861328,157.19000244140625,157.19000244140625,937000
2026-05-01,157.3699951171875,157.47999572753906,156.47000122070312,156.50999450683594,156.50999450683594,1185300
2026-05-04,155.83999633789062,156.3800048828125,154.8800048828125,155.24000549316406,155.24000549316406,1107800
2026-05-05,155.61000061035156,156.8699951171875,155.2899932861328,156.3300018310547,156.3300018310547,1057900
2026-05-06,156.97999572753906,157.39999389648438,156.44000244140625,156.9499969482422,156.9499969482422,914800
2026-05-07,156.47000122070312,156.58999633789062,154.8300018310547,155.16000366210938,155.16000366210938,1029400
2026-05-08,155.9499969482422,156.0,155.25,155.4600067138672,155.4600067138672,955700
2026-05-11,155.8699951171875,156.14999389648438,155.49000549316406,155.80999755859375,155.80999755859375,1213300
2026-05-12,155.7899932861328,156.1999969482422,154.75,155.9600067138672,155.9600067138672,1134400
2026-05-13,155.55999755859375,155.8800048828125,155.00999450683594,155.63999938964844,155.63999938964844,782200
2026-05-14,156.47000122070312,157.6300048828125,156.25999450683594,157.24000549316406,157.24000549316406,954200
2026-05-15,156.86000061035156,156.8800048828125,155.6699981689453,155.75999450683594,155.75999450683594,1078700
2026-05-18,155.77999877929688,156.72000122070312,155.4199981689453,156.6300048828125,156.6300048828125,1066800
2026-05-19,155.75,156.63999938964844,155.33999633789062,155.91000366210938,155.91000366210938,795200
2026-05-20,156.0,157.11000061035156,155.60000610351562,156.75,156.75,965600
2026-05-21,156.3800048828125,157.27999877929688,155.83999633789062,157.25,157.25,1077100
2026-05-22,158.0,158.9600067138672,157.61000061035156,158.6999969482422,158.6999969482422,839700
2026-05-26,159.2100067138672,159.67999267578125,158.52999877929688,158.67999267578125,158.67999267578125,1401600
2026-05-27,158.72000122070312,159.05999755859375,158.25,158.3699951171875,158.3699951171875,870000
2026-05-28,158.2899932861328,158.82000732421875,157.75,158.32000732421875,158.32000732421875,1076100
2026-05-29,158.85000610351562,159.22000122070312,158.60000610351562,159.19000244140625,159.19000244140625,909900
2026-06-01,158.63999938964844,159.5,158.19000244140625,159.19000244140625,159.19000244140625,1189400
2026-06-02,159.92999267578125,161.27000427246094,159.83999633789062,161.1699981689453,161.1699981689453,1102600
2026-06-03,160.89999389648438,161.2899932861328,160.3800048828125,160.47999572753906,160.47999572753906,1051500
2026-06-04,159.80999755859375,160.52999877929688,159.27000427246094,160.39999389648438,160.39999389648438,1281700
2026-06-05,160.0,160.10000610351562,158.05999755859375,158.24000549316406,158.24000549316406,1453800
